site.name,site.id,dataset.id,age,tave_mat,tave_wa,tave_wapls,tave,lat,long
Browns Pond,309,316,500,13.764,15.64273717,15.57793148,14.99488955,38.154722,-79.616389
Browns Pond,309,316,1500,13.233,15.3091452,15.08011805,14.54075442,38.154722,-79.616389
Browns Pond,309,316,2500,12.972,14.29246137,14.04410096,13.76952078,38.154722,-79.616389
Browns Pond,309,316,3500,15.078,14.42833752,14.06413542,14.52349098,38.154722,-79.616389
Browns Pond,309,316,4500,13.352,14.62129033,13.94202979,13.97177337,38.154722,-79.616389
Browns Pond,309,316,5500,13.134,12.35976061,11.17528709,12.2230159,38.154722,-79.616389
Browns Pond,309,316,6500,14.433,14.91347382,14.46619087,14.60422156,38.154722,-79.616389
Browns Pond,309,316,7500,13.408,15.18298858,15.07362538,14.55487132,38.154722,-79.616389
Browns Pond,309,316,8500,13.159,13.54669005,13.40913827,13.37160944,38.154722,-79.616389
Browns Pond,309,316,9500,7.411,8.846320223,11.15474712,9.137355781,38.154722,-79.616389
Browns Pond,309,316,10500,7.348,5.776978369,6.212151225,6.445709865,38.154722,-79.616389
Browns Pond,309,316,11500,4.476,4.536120032,6.176884907,5.063001646,38.154722,-79.616389
Browns Pond,309,316,12500,4.48,2.512625903,4.054635188,3.682420364,38.154722,-79.616389
Browns Pond,309,316,13500,3.654,2.08698391,3.517727424,3.086237111,38.154722,-79.616389
Browns Pond,309,316,14500,3.734,2.59253327,4.353613964,3.560049078,38.154722,-79.616389
Browns Pond,309,316,15500,3.7465,2.30457769,4.05985916,3.370312283,38.154722,-79.616389
Browns Pond,309,316,16500,4.5156,3.141258524,5.190389588,4.282416037,38.154722,-79.616389
Browns Pond,309,316,17500,1.21,0.135306449,1.545350036,0.963552162,38.154722,-79.616389
Browns Pond,309,316,18500,1.844,0.836133247,2.369964266,1.683365838,38.154722,-79.616389
Browns Pond,309,316,19500,-0.7,-0.703884397,0.360352003,-0.347844131,38.154722,-79.616389
Chase Pond,353,361,10500,3.5988,0.736818152,2.772585674,2.369401275,45.651389,-60.675
Chase Pond,353,361,11500,-1.376833333,-0.417923061,0.538274055,-0.418827446,45.651389,-60.675
Chase Pond,353,361,12500,-10.524,-3.993763744,-6.079589877,-6.86578454,45.651389,-60.675
Chase Pond,353,361,13500,-8.1156,-2.33263766,-3.231194646,-4.559810769,45.651389,-60.675
Chase Pond,353,361,14500,-4.922,-1.56556884,-2.10917505,-2.865581297,45.651389,-60.675
Chase Pond,353,361,15500,-9.542,-1.360602141,-2.06585306,-4.3228184,45.651389,-60.675
Chase Pond,353,361,16500,-9.8576,-3.145911317,-5.007522797,-6.003678038,45.651389,-60.675
Chatsworth Bog,364,375,500,10.52,10.06197536,8.81401347,9.798662945,40.675865,-88.324435
Chatsworth Bog,364,375,1500,11.727,4.956694996,3.132863065,6.605519354,40.675865,-88.324435
Chatsworth Bog,364,375,2500,11.93525,6.8123337,5.493234125,8.080272609,40.675865,-88.324435
Chatsworth Bog,364,375,3500,9.372666667,8.531937778,7.791822828,8.565475758,40.675865,-88.324435
Chatsworth Bog,364,375,4500,10.193,8.596256775,7.930119132,8.906458636,40.675865,-88.324435
Chatsworth Bog,364,375,5500,10.27933333,10.40189276,10.1061481,10.26245806,40.675865,-88.324435
Chatsworth Bog,364,375,6500,10.489,11.52844808,11.35010603,11.12251804,40.675865,-88.324435
Chatsworth Bog,364,375,7500,10.52233333,11.97589121,12.01522611,11.50448355,40.675865,-88.324435
Chatsworth Bog,364,375,8500,10.23755556,11.25105939,11.05902588,10.84921361,40.675865,-88.324435
Chatsworth Bog,364,375,9500,11.14657143,12.19958052,12.20801351,11.85138849,40.675865,-88.324435
Chatsworth Bog,364,375,10500,8.774,12.24183163,12.58330411,11.19971192,40.675865,-88.324435
Chatsworth Bog,364,375,11500,8.882,11.83839758,12.24945946,10.98995235,40.675865,-88.324435
Chatsworth Bog,364,375,12500,8.44,10.17527528,10.48113562,9.698803634,40.675865,-88.324435
Chatsworth Bog,364,375,13500,8.049,7.365732632,7.548699007,7.654477213,40.675865,-88.324435
Chatsworth Bog,364,375,14500,9.014,8.214224147,9.064905458,8.764376535,40.675865,-88.324435
Chatsworth Bog,364,375,15500,9.476,7.649970745,8.542282031,8.556084259,40.675865,-88.324435
Chatsworth Bog,364,375,16500,2.73,1.514938456,1.983569724,2.076169393,40.675865,-88.324435
Chatsworth Bog,364,375,17500,-3.86,-3.348824867,-2.44233606,-3.217053642,40.675865,-88.324435
Clear Pond,480,492,500,18.58836364,25.61312763,21.60524605,21.93557911,33.798895,-78.95336
Clear Pond,480,492,1500,18.319,23.99276869,20.39811156,20.90329342,33.798895,-78.95336
Clear Pond,480,492,2500,18.272,24.44857594,20.80432076,21.17496557,33.798895,-78.95336
Clear Pond,480,492,3500,18.4265,24.34691809,20.67497664,21.14946491,33.798895,-78.95336
Clear Pond,480,492,4500,18.61433333,25.31555806,21.44141907,21.79043682,33.798895,-78.95336
Clear Pond,480,492,5500,19.23933333,25.07378545,21.21700444,21.84337441,33.798895,-78.95336
Clear Pond,480,492,6500,19.12066667,26.42811032,22.16238724,22.57038808,33.798895,-78.95336
Clear Pond,480,492,7500,18.6,24.72092708,20.98701507,21.43598072,33.798895,-78.95336
Clear Pond,480,492,8500,17.708,23.83513265,20.315002,20.61937822,33.798895,-78.95336
Clear Pond,480,492,9500,17.18777778,19.23785096,17.04206804,17.82256559,33.798895,-78.95336
Clear Pond,480,492,10500,14.74266667,13.02685945,12.50276581,13.42409731,33.798895,-78.95336
Clear Pond,480,492,11500,13.05,11.68247836,11.83490908,12.18912915,33.798895,-78.95336
Clear Pond,480,492,12500,12.004,11.59487644,11.89033181,11.82973608,33.798895,-78.95336
Clear Pond,480,492,13500,9.124545455,10.59133068,11.56377913,10.42655176,33.798895,-78.95336
Clear Pond,480,492,14500,9.081454545,10.34087631,11.19551974,10.2059502,33.798895,-78.95336
Clear Pond,480,492,15500,8.304,9.484999642,9.754024986,9.18100821,33.798895,-78.95336
Clear Pond,480,492,16500,7.05475,8.03357381,8.254092467,7.780805426,33.798895,-78.95336
Clear Pond,480,492,17500,5.250857143,5.880668058,6.311429994,5.814318398,33.798895,-78.95336
Clear Pond,480,492,18500,5.165538462,5.384488042,5.850161882,5.466729462,33.798895,-78.95336
Clear Pond,480,492,19500,4.712363636,4.674692763,5.096449713,4.827835371,33.798895,-78.95336
Decoy Lake,656,672,500,7.641142857,7.372249516,8.044432364,7.685941579,43.233333,-80.366667
Decoy Lake,656,672,1500,7.8435,8.116212234,8.833314325,8.264342186,43.233333,-80.366667
Decoy Lake,656,672,2500,8.019,8.383310729,9.145087039,8.515799256,43.233333,-80.366667
Decoy Lake,656,672,3500,7.648,7.97915081,8.866926687,8.164692499,43.233333,-80.366667
Decoy Lake,656,672,4500,7.894,7.922171447,8.837691792,8.217954413,43.233333,-80.366667
Decoy Lake,656,672,5500,6.84,6.574639651,8.11922499,7.177954881,43.233333,-80.366667
Decoy Lake,656,672,6500,6.692,5.721922078,6.905170562,6.439697547,43.233333,-80.366667
Decoy Lake,656,672,7500,6.188,4.500685172,6.037900911,5.575528695,43.233333,-80.366667
Decoy Lake,656,672,8500,5.441777778,4.883568068,6.669587696,5.664977847,43.233333,-80.366667
Decoy Lake,656,672,9500,5.679818182,4.705199184,6.292399997,5.559139121,43.233333,-80.366667
Decoy Lake,656,672,10500,5.117,4.108552236,5.608149454,4.94456723,43.233333,-80.366667
Decoy Lake,656,672,11500,3.896857143,3.603430703,4.88098564,4.127091162,43.233333,-80.366667
Decoy Lake,656,672,12500,-2.543,-2.664654189,-1.756859145,-2.321504445,43.233333,-80.366667
Decoy Lake,656,672,13500,-2.552,-1.549121751,-1.094300799,-1.731807517,43.233333,-80.366667
Devils Lake,666,684,500,7.115846154,9.982809272,10.33393431,9.144196579,43.4178,-89.73205
Devils Lake,666,684,1500,6.7538,9.320581586,9.669041717,8.581141101,43.4178,-89.73205
Devils Lake,666,684,2500,6.987333333,9.324156785,9.549305716,8.620265278,43.4178,-89.73205
Devils Lake,666,684,3500,7.274666667,9.609405227,9.833243906,8.905771933,43.4178,-89.73205
Devils Lake,666,684,4500,6.957111111,9.036702934,9.219516803,8.404443616,43.4178,-89.73205
Devils Lake,666,684,5500,7.3125,9.930578599,10.3095305,9.184203031,43.4178,-89.73205
Devils Lake,666,684,6500,7.60625,10.3065024,10.8853169,9.599356434,43.4178,-89.73205
Devils Lake,666,684,7500,7.518571429,10.47018014,11.03882771,9.67585976,43.4178,-89.73205
Devils Lake,666,684,8500,7.124333333,9.413811739,10.09789347,8.878679515,43.4178,-89.73205
Devils Lake,666,684,9500,6.786,9.410900642,10.16287834,8.786592995,43.4178,-89.73205
Devils Lake,666,684,10500,6.38675,7.952341665,9.037058499,7.792050055,43.4178,-89.73205
Devils Lake,666,684,11500,3.167,2.864303985,4.012142062,3.347815349,43.4178,-89.73205
Devils Lake,666,684,12500,0.9576,1.853853754,2.621420338,1.810958031,43.4178,-89.73205
Devils Lake,666,684,13500,0.112666667,1.33486394,2.126348212,1.19129294,43.4178,-89.73205
Devils Lake,666,684,14500,-3.03,-2.428380418,-2.047892669,-2.502091029,43.4178,-89.73205
Lac ‡ Magie,1534,1572,10500,3.195,3.741669108,5.921219249,4.285962786,44.263889,-66.079167
Lac ‡ Magie,1534,1572,11500,1.811714286,1.717575879,3.430628867,2.319973011,44.263889,-66.079167
Lac ‡ Magie,1534,1572,12500,1.993333333,2.270891703,4.516856742,2.92702726,44.263889,-66.079167
Lac ‡ Magie,1534,1572,13500,2.566333333,1.92228884,2.931886786,2.473502987,44.263889,-66.079167
Lake Annie,1597,1648,500,21.722,25.99730917,21.82055656,23.17995524,27.2,-81.416667
Lake Annie,1597,1648,1500,21.97971429,25.14439003,21.16364712,22.76258381,27.2,-81.416667
Lake Annie,1597,1648,2500,21.91577778,24.54754379,20.74650363,22.40327506,27.2,-81.416667
Lake Annie,1597,1648,3500,21.90325,23.67338135,20.24835614,21.9416625,27.2,-81.416667
Lake Annie,1597,1648,4500,21.736,23.05119015,19.64937895,21.47885637,27.2,-81.416667
Lake Annie,1597,1648,5500,22.0628,22.62312067,19.25485831,21.31359299,27.2,-81.416667
Lake Annie,1597,1648,6500,21.476,20.47881414,17.81823047,19.9243482,27.2,-81.416667
Lake Annie,1597,1648,8500,18.207,15.85000872,13.45474772,15.83725214,27.2,-81.416667
Lake Annie,1597,1648,9500,18.998,16.73265215,14.14753716,16.6260631,27.2,-81.416667
Lake Annie,1597,1648,11500,16.514,12.14551509,10.98992873,13.21648128,27.2,-81.416667
Lake Annie,1597,1648,12500,17.901,15.28225821,14.02994233,15.73773351,27.2,-81.416667
Lake Annie,1597,1648,13500,19.575,17.97929674,16.54954657,18.03461444,27.2,-81.416667
Lake Annie,1597,1648,14500,19.775,21.15225952,18.71032312,19.87919421,27.2,-81.416667
Lake Annie,1597,1648,15500,19.241,18.96150167,17.0663743,18.42295866,27.2,-81.416667
Lake Annie,1597,1648,17500,18.392,13.92618385,12.6587053,14.99229638,27.2,-81.416667
Lake Annie,1597,1648,19500,15.982,12.75445288,11.74834619,13.49493302,27.2,-81.416667
Rostock Mammoth Site,2215,2293,12500,-4.479142857,-2.399829459,-2.533126518,-3.137366278,43.5,-81
Rostock Mammoth Site,2215,2293,13500,-2.333333333,-4.349861763,-6.487007878,-4.390067658,43.5,-81
Rostock Mammoth Site,2215,2293,14500,-5.449555556,-4.300995683,-6.143490014,-5.298013751,43.5,-81
Rostock Mammoth Site,2215,2293,15500,0.485142857,-0.65796814,-0.19400076,-0.122275348,43.5,-81
Sutherland Pond,2527,2617,500,9.441272727,9.497728698,10.29420968,9.744403701,41.391389,-74.037778
Sutherland Pond,2527,2617,1500,9.5764,10.26289976,11.05332234,10.2975407,41.391389,-74.037778
Sutherland Pond,2527,2617,2500,9.406,9.900553068,10.72098921,10.00918076,41.391389,-74.037778
Sutherland Pond,2527,2617,3500,9.289076923,9.602531055,10.52054057,9.804049516,41.391389,-74.037778
Sutherland Pond,2527,2617,4500,9.518875,11.19345669,11.8766238,10.86298517,41.391389,-74.037778
Sutherland Pond,2527,2617,5500,9.206705882,11.13647588,11.69789535,10.68035904,41.391389,-74.037778
Sutherland Pond,2527,2617,6500,9.734571429,11.67540384,12.38607989,11.26535172,41.391389,-74.037778
Sutherland Pond,2527,2617,7500,9.131,11.32548653,11.86602329,10.77416994,41.391389,-74.037778
Sutherland Pond,2527,2617,8500,8.343111111,11.20797157,11.71614429,10.42240899,41.391389,-74.037778
Sutherland Pond,2527,2617,9500,8.00725,10.38855188,10.92930379,9.775035222,41.391389,-74.037778
Sutherland Pond,2527,2617,10500,6.300888889,7.764828885,8.874701572,7.646806448,41.391389,-74.037778
Sutherland Pond,2527,2617,11500,4.966285714,4.148958359,5.809530156,4.974924743,41.391389,-74.037778
Sutherland Pond,2527,2617,12500,2.527666667,0.694998441,2.092636517,1.771767208,41.391389,-74.037778
Sutherland Pond,2527,2617,13500,2.154571429,1.753878961,2.597195104,2.168548498,41.391389,-74.037778
Sutherland Pond,2527,2617,14500,-0.454571429,-1.803141791,-3.130153236,-1.795955485,41.391389,-74.037778
Sutherland Pond,2527,2617,15500,-6.786,-3.007728075,-4.749085026,-4.847604367,41.391389,-74.037778
Sutherland Pond,2527,2617,16500,-5.091714286,-2.200396417,-3.821026595,-3.704379099,41.391389,-74.037778
Basswood Road Lake/Splan Pond,2959,3775,10500,3.959,1.255388244,2.997002899,2.737130381,45.255556,-67.330556
Basswood Road Lake/Splan Pond,2959,3775,11500,-1.627454545,-0.424727822,0.419015817,-0.54438885,45.255556,-67.330556
Basswood Road Lake/Splan Pond,2959,3775,12500,-8.648857143,-3.416354335,-4.468051387,-5.511087622,45.255556,-67.330556
Basswood Road Lake/Splan Pond,2959,3775,13500,-2.080555556,-1.468864943,-1.371092271,-1.640170923,45.255556,-67.330556
Brewster Creek,9588,14104,10500,7.17825,8.086542495,8.24525426,7.836682252,41.98044,-88.24441
Brewster Creek,9588,14104,11500,5.284888889,3.522426786,3.971269595,4.259528423,41.98044,-88.24441
Brewster Creek,9588,14104,12500,5.11975,3.270247463,3.603534973,3.997844145,41.98044,-88.24441
Brewster Creek,9588,14104,13500,0.931333333,1.577108426,2.203686008,1.570709256,41.98044,-88.24441
Brewster Creek,9588,14104,14500,-2.868769231,-2.450922364,-1.998501996,-2.439397864,41.98044,-88.24441
Brewster Creek,9588,14104,15500,-3.171090909,-2.961742382,-2.530460329,-2.88776454,41.98044,-88.24441
Brewster Creek,9588,14104,16500,-3.294,-2.654872186,-2.487353528,-2.812075238,41.98044,-88.24441
Blackwoods Hollow,9889,14674,500,2.517714286,-0.589574012,0.974760453,0.967633576,44.313195,-68.22364
Blackwoods Hollow,9889,14674,1500,3.713,0.937071519,2.914157176,2.521409565,44.313195,-68.22364
Blackwoods Hollow,9889,14674,2500,4.259333333,1.559480393,3.504032223,3.107615316,44.313195,-68.22364
Blackwoods Hollow,9889,14674,3500,4.1205,3.143941912,5.241882915,4.168774942,44.313195,-68.22364
Blackwoods Hollow,9889,14674,4500,4.182,3.285962054,5.433301517,4.30042119,44.313195,-68.22364
Blackwoods Hollow,9889,14674,5500,4.221,3.191762917,5.273844724,4.228869214,44.313195,-68.22364
Blackwoods Hollow,9889,14674,6500,4.248,3.756117633,6.041439865,4.681852499,44.313195,-68.22364
Blackwoods Hollow,9889,14674,7500,4.660666667,4.305794551,5.876028611,4.94749661,44.313195,-68.22364
Blackwoods Hollow,9889,14674,8500,4.035714286,2.302772316,3.31747269,3.218653097,44.313195,-68.22364
Blackwoods Hollow,9889,14674,9500,3.648,2.801708511,3.300490726,3.250066412,44.313195,-68.22364
Blackwoods Hollow,9889,14674,10500,2.993,2.24972075,3.12569104,2.789470597,44.313195,-68.22364
Blackwoods Hollow,9889,14674,11500,-1.193777778,-1.573957273,-1.261828055,-1.343187702,44.313195,-68.22364
Conroy Lake,491,14768,10500,0.85625,0.545780047,1.729504907,1.043844985,46.283333,-67.883333
Conroy Lake,491,14768,11500,-11.498,-3.772801658,-5.954141727,-7.074981128,46.283333,-67.883333
Conroy Lake,491,14768,12500,-5.324545455,-2.120876667,-3.705257868,-3.71689333,46.283333,-67.883333
Appleman Lake,10003,14957,5500,9.1,11.38173432,11.97439701,10.81871044,41.623285,-85.212085
Appleman Lake,10003,14957,6500,7.792,11.16730646,11.1767059,10.04533745,41.623285,-85.212085
Appleman Lake,10003,14957,8500,9.144285714,10.99878796,11.10062761,10.4145671,41.623285,-85.212085
Appleman Lake,10003,14957,9500,8.5245,11.03134386,11.28652241,10.28078876,41.623285,-85.212085
Appleman Lake,10003,14957,10500,7.041333333,7.494615235,8.260386419,7.598778329,41.623285,-85.212085
Appleman Lake,10003,14957,11500,2.331272727,2.976297426,4.15496581,3.154178654,41.623285,-85.212085
Appleman Lake,10003,14957,12500,3.53775,3.38483507,4.169001595,3.697195555,41.623285,-85.212085
Appleman Lake,10003,14957,13500,-2.628666667,-0.977793632,0.206278402,-1.133393966,41.623285,-85.212085
Appleman Lake,10003,14957,14500,-1.8925,0.283556065,1.247695739,-0.120416065,41.623285,-85.212085
Appleman Lake,10003,14957,15500,-3.645333333,-3.70962591,-2.526619731,-3.293859658,41.623285,-85.212085
Appleman Lake,10003,14957,16500,-3.2232,-3.577685918,-2.437740815,-3.079542244,41.623285,-85.212085
Appleman Lake,10003,14957,17500,-2.906,-4.067505192,-4.515646006,-3.829717066,41.623285,-85.212085
Appleman Lake,10003,14957,19500,-2.83,-2.586431142,-2.142292316,-2.519574486,41.623285,-85.212085
Fort Bragg (core PAW2),10103,15191,500,6.178,5.284425713,5.791882012,5.751435908,35.173545,-79.089805
Fort Bragg (core PAW2),10103,15191,1500,6.928,5.543236597,6.026770014,6.166002204,35.173545,-79.089805
Fort Bragg (core PAW2),10103,15191,2500,8.022,8.4777923,9.098782005,8.532858102,35.173545,-79.089805
Fort Bragg (core PAW2),10103,15191,4500,5.47,4.216083073,5.178276884,4.954786652,35.173545,-79.089805
Fort Bragg (core PAW2),10103,15191,5500,8.12,9.76889909,8.854780946,8.914560012,35.173545,-79.089805
Fort Bragg (core PAW2),10103,15191,6500,8.71,10.71147752,9.367214948,9.596230823,35.173545,-79.089805
Fort Bragg (core PAW2),10103,15191,7500,9.905,12.24821036,11.04482428,11.06601155,35.173545,-79.089805
Fort Bragg (core PAW2),10103,15191,8500,8.284,8.895928999,8.435866781,8.538598593,35.173545,-79.089805
Fort Bragg (core PAW2),10103,15191,9500,8.476666667,9.088804356,8.522334059,8.695935027,35.173545,-79.089805
Fort Bragg (core PAW2),10103,15191,10500,6.059333333,4.570459249,4.915039465,5.181610682,35.173545,-79.089805
Black Gum Swamp,10172,15327,10500,3.426,1.619314607,3.083979801,2.709764803,42.5375,-72.1829
Black Gum Swamp,10172,15327,11500,0.081,-2.499411508,-0.810372135,-1.076261214,42.5375,-72.1829
Black Gum Swamp,10172,15327,12500,-1.468,-2.843127866,-1.038650998,-1.783259621,42.5375,-72.1829
Black Gum Swamp,10172,15327,13500,-0.003333333,-1.143526236,0.647699593,-0.166386659,42.5375,-72.1829
Black Gum Swamp,10172,15327,14500,-3.942,-2.286116543,-2.763249494,-2.997122012,42.5375,-72.1829
Tannersville Bog,2536,15866,500,8.070666667,7.044363056,8.116205033,7.743744919,41.038875,-75.263845
Tannersville Bog,2536,15866,1500,7.065090909,7.022716418,8.344578082,7.477461803,41.038875,-75.263845
Tannersville Bog,2536,15866,2500,7.41,7.749767842,8.815564007,7.991777283,41.038875,-75.263845
Tannersville Bog,2536,15866,3500,7.777333333,9.01834192,9.792070054,8.862581769,41.038875,-75.263845
Tannersville Bog,2536,15866,4500,8.777333333,9.363812634,10.13974459,9.42696352,41.038875,-75.263845
Tannersville Bog,2536,15866,5500,9.707333333,10.54677285,11.63514848,10.62975155,41.038875,-75.263845
Tannersville Bog,2536,15866,6500,9.697333333,10.0625249,11.27014792,10.34333538,41.038875,-75.263845
Tannersville Bog,2536,15866,7500,9.312666667,10.14800334,11.13131075,10.19732692,41.038875,-75.263845
Tannersville Bog,2536,15866,8500,9.4516,9.965376477,10.97264776,10.12987475,41.038875,-75.263845
Tannersville Bog,2536,15866,9500,8.1124,9.074667766,9.931263925,9.039443897,41.038875,-75.263845
Tannersville Bog,2536,15866,10500,6.388,6.818846073,8.180222132,7.129022735,41.038875,-75.263845
Tannersville Bog,2536,15866,11500,3.6975,2.200170157,3.493313811,3.130327989,41.038875,-75.263845
Crystal Lake,10413,15886,6500,8.853333333,11.24684332,11.49622481,10.53213382,42.234015,-88.357005
Crystal Lake,10413,15886,7500,7.667142857,10.63593254,10.80696194,9.703345779,42.234015,-88.357005
Crystal Lake,10413,15886,8500,8.106,11.34551701,11.56182713,10.33778138,42.234015,-88.357005
Crystal Lake,10413,15886,9500,8.0522,11.16018667,11.65700527,10.28979731,42.234015,-88.357005
Crystal Lake,10413,15886,10500,7.542545455,10.45226958,11.18851301,9.727776017,42.234015,-88.357005
Crystal Lake,10413,15886,11500,3.8205,4.47943724,6.011258401,4.770398547,42.234015,-88.357005
Crystal Lake,10413,15886,12500,1.448615385,2.690661585,4.125064824,2.754780598,42.234015,-88.357005
Crystal Lake,10413,15886,13500,1.450615385,3.697335102,5.16469385,3.437548112,42.234015,-88.357005
Crystal Lake,10413,15886,14500,-2.595,-0.940402156,0.189630985,-1.115257057,42.234015,-88.357005
Crystal Lake,10413,15886,15500,-3.727555556,-2.515753959,-1.487299149,-2.576869554,42.234015,-88.357005
Crystal Lake,10413,15886,16500,-3.486,-3.443886138,-2.224364839,-3.051416992,42.234015,-88.357005
White Lake,10415,15892,9500,7.716,8.2420451,9.603459029,8.520501377,40.99967,-74.91347
White Lake,10415,15892,10500,5.396666667,4.664032859,6.08873984,5.383146455,40.99967,-74.91347
White Lake,10415,15892,11500,3.433272727,1.484852975,3.003566887,2.640564196,40.99967,-74.91347
White Lake,10415,15892,12500,1.835454545,1.049888549,2.548947718,1.811430271,40.99967,-74.91347
White Lake,10415,15892,13500,1.782909091,1.796198235,3.508532502,2.362546609,40.99967,-74.91347
White Lake,10415,15892,14500,-2.57,-3.392845391,-2.523861291,-2.828902227,40.99967,-74.91347
Ballston Lake,10424,15909,1500,6.671,7.381485067,9.579821473,7.877435513,42.94975,-73.85325
Ballston Lake,10424,15909,2500,6.363333333,6.979278215,9.308804322,7.550471957,42.94975,-73.85325
Ballston Lake,10424,15909,3500,6.4715,7.046257371,9.517866341,7.678541237,42.94975,-73.85325
Ballston Lake,10424,15909,4500,6.8596,8.311576123,10.20204433,8.457740151,42.94975,-73.85325
Ballston Lake,10424,15909,5500,6.760333333,8.150213159,10.55214079,8.487562427,42.94975,-73.85325
Ballston Lake,10424,15909,6500,6.582,7.962682737,10.58418604,8.376289591,42.94975,-73.85325
Ballston Lake,10424,15909,7500,6.574,7.885835497,10.58265569,8.347497061,42.94975,-73.85325
Ballston Lake,10424,15909,8500,6.5588,7.611714269,10.09155737,8.087357212,42.94975,-73.85325
Ballston Lake,10424,15909,9500,6.305333333,6.508666356,8.519449466,7.111149718,42.94975,-73.85325
Ballston Lake,10424,15909,10500,5.406571429,3.791847546,5.331206191,4.843208389,42.94975,-73.85325
Ballston Lake,10424,15909,11500,3.331142857,1.21856875,2.947581252,2.49909762,42.94975,-73.85325
Ballston Lake,10424,15909,12500,-0.9175,-3.288771922,-1.641394775,-1.949222232,42.94975,-73.85325
Jay Lake,10430,15922,500,4.0224,2.987603803,4.872308377,3.960770727,46.23435,-89.28155
Jay Lake,10430,15922,1500,4.277333333,3.007254718,4.890079565,4.058222539,46.23435,-89.28155
Jay Lake,10430,15922,2500,4.301,3.490026537,5.308209598,4.366412045,46.23435,-89.28155
Jay Lake,10430,15922,3500,4.868,3.748157564,4.948375949,4.521511171,46.23435,-89.28155
Jay Lake,10430,15922,4500,4.7115,3.544740323,4.872632517,4.376290947,46.23435,-89.28155
Jay Lake,10430,15922,5500,5.099,3.792834472,5.107814523,4.666549665,46.23435,-89.28155
Jay Lake,10430,15922,6500,5.053333333,4.054120693,5.429710641,4.845721556,46.23435,-89.28155
Jay Lake,10430,15922,7500,4.904,3.333077579,4.771730961,4.336269513,46.23435,-89.28155
Jay Lake,10430,15922,8500,4.169333333,2.481866476,3.829446607,3.493548805,46.23435,-89.28155
Jay Lake,10430,15922,9500,3.797333333,2.494968178,3.865819932,3.386040481,46.23435,-89.28155
Jay Lake,10430,15922,10500,3.158,2.457903248,3.613996213,3.076633154,46.23435,-89.28155
Lake O' Pines,10431,15925,500,3.9465,2.472921547,3.893010346,3.437477298,46.140435,-89.2553
Lake O' Pines,10431,15925,1500,3.635,3.137735148,4.835591922,3.869442357,46.140435,-89.2553
Lake O' Pines,10431,15925,2500,4.130666667,3.20215163,4.988216079,4.107011458,46.140435,-89.2553
Lake O' Pines,10431,15925,3500,4.2044,2.990977651,4.626222393,3.940533348,46.140435,-89.2553
Lake O' Pines,10431,15925,4500,4.6,3.286666461,4.757167434,4.214611298,46.140435,-89.2553
Lake O' Pines,10431,15925,5500,4.6555,3.340210872,4.681367465,4.225692779,46.140435,-89.2553
Lake O' Pines,10431,15925,6500,4.69,2.92605723,3.923749455,3.846602229,46.140435,-89.2553
Lake O' Pines,10431,15925,7500,4.418,3.588006232,4.532174563,4.179393598,46.140435,-89.2553
Lake O' Pines,10431,15925,8500,4.395,2.967583711,4.368875731,3.91048648,46.140435,-89.2553
Lake O' Pines,10431,15925,9500,4.353,2.987684538,4.183251366,3.841311968,46.140435,-89.2553
Lake O' Pines,10431,15925,10500,3.511,3.390654376,4.864683323,3.922112566,46.140435,-89.2553
Lake O' Pines,10431,15925,11500,-1.224,1.1571547,1.702627778,0.545260826,46.140435,-89.2553
Lake O' Pines,10431,15925,12500,-2.044,-0.839760765,-1.27493588,-1.386232215,46.140435,-89.2553
Twiss Marl Pond,10505,16127,5500,5.538,3.13928143,3.865734066,4.181005166,43.44083,-79.95551
Twiss Marl Pond,10505,16127,6500,6.230666667,8.018240231,9.025234752,7.758047216,43.44083,-79.95551
Twiss Marl Pond,10505,16127,7500,5.686,5.123280802,6.243003569,5.68409479,43.44083,-79.95551
Twiss Marl Pond,10505,16127,8500,5.558,5.110597647,6.312066659,5.660221435,43.44083,-79.95551
Twiss Marl Pond,10505,16127,9500,5.1,3.533262954,4.822781331,4.485348095,43.44083,-79.95551
Twiss Marl Pond,10505,16127,10500,1.9154,1.549851387,2.818318496,2.094523294,43.44083,-79.95551
Twiss Marl Pond,10505,16127,11500,-3.476666667,-4.534624742,-3.59014931,-3.867146906,43.44083,-79.95551
Twiss Marl Pond,10505,16127,12500,-2.017090909,-2.630096186,-3.006666629,-2.551284575,43.44083,-79.95551
Twiss Marl Pond,10505,16127,13500,-1.823,-1.771265418,-1.352496399,-1.648920606,43.44083,-79.95551
Silver Lake,2303,17717,8500,8.66,12.73094565,13.03010273,11.47368279,40.354335,-83.812515
Silver Lake,2303,17717,9500,8.794666667,12.3746015,12.8834088,11.35089232,40.354335,-83.812515
Silver Lake,2303,17717,10500,7.875428571,10.7209027,11.45914233,10.0184912,40.354335,-83.812515
Silver Lake,2303,17717,11500,2.9005,3.725933042,5.171673318,3.93270212,40.354335,-83.812515
Silver Lake,2303,17717,12500,4.467,4.033137162,5.310272024,4.603469729,40.354335,-83.812515
Silver Lake,2303,17717,13500,2.735454545,2.944883129,4.072468633,3.250935436,40.354335,-83.812515
Silver Lake,2303,17717,14500,-2.94525,-3.431116018,-2.36752272,-2.914629579,40.354335,-83.812515
Silver Lake,2303,17717,15500,-3.693,-4.362600821,-3.354088468,-3.803229763,40.354335,-83.812515
Silver Lake,2303,17717,16500,-3.539333333,-4.140952558,-3.054581861,-3.578289251,40.354335,-83.812515
Silver Lake,2303,17717,17500,-3.551111111,-4.630680332,-3.619755674,-3.933849039,40.354335,-83.812515
Silver Lake,2303,17717,18500,-2.976,-3.781812237,-2.644998822,-3.134270353,40.354335,-83.812515
Lake Tulane,2570,19620,1500,20.19257143,26.27228534,21.88043281,22.78176319,27.58613,-81.503395
Lake Tulane,2570,19620,2500,19.9628,26.30120054,21.94808388,22.73736147,27.58613,-81.503395
Lake Tulane,2570,19620,3500,19.8948,25.00361374,20.83524885,21.91122086,27.58613,-81.503395
Lake Tulane,2570,19620,4500,18.7556,24.5577867,20.39582728,21.23640466,27.58613,-81.503395
Lake Tulane,2570,19620,5500,18.8895,23.72640987,19.93614811,20.85068599,27.58613,-81.503395
Lake Tulane,2570,19620,6500,18.664,18.14438641,15.672815,17.4937338,27.58613,-81.503395
Lake Tulane,2570,19620,7500,18.114,17.31060778,15.10878676,16.84446485,27.58613,-81.503395
Lake Tulane,2570,19620,8500,17.92133333,18.16771369,15.87577124,17.32160609,27.58613,-81.503395
Lake Tulane,2570,19620,9500,17.979,19.4018339,16.95227031,18.11103474,27.58613,-81.503395
Lake Tulane,2570,19620,10500,17.266,17.79494613,15.8250074,16.96198451,27.58613,-81.503395
Lake Tulane,2570,19620,11500,17.19777778,18.06512993,16.05452731,17.10581167,27.58613,-81.503395
Lake Tulane,2570,19620,12500,16.95133333,16.92535865,15.34203547,16.40624248,27.58613,-81.503395
Lake Tulane,2570,19620,13500,16.78,17.48426576,16.31701773,16.86042783,27.58613,-81.503395
Lake Tulane,2570,19620,14500,16.368,19.16869264,17.47059756,17.66909673,27.58613,-81.503395
Lake Tulane,2570,19620,15500,17.544,21.66072003,18.90334828,19.3693561,27.58613,-81.503395
Lake Tulane,2570,19620,16500,15.85866667,16.36782496,15.78648572,16.00432578,27.58613,-81.503395
Lake Tulane,2570,19620,17500,15.9145,14.66267738,13.96972589,14.84896776,27.58613,-81.503395
Lake Tulane,2570,19620,18500,15.699,14.66831666,14.00599023,14.7911023,27.58613,-81.503395
Lake Tulane,2570,19620,19500,17.01733333,19.36543395,17.107093,17.82995343,27.58613,-81.503395
Spicer Lake,13350,19937,500,8.303428571,10.65889542,12.08626665,10.34953021,41.75738,-86.52208
Spicer Lake,13350,19937,1500,8.9784,9.633397271,11.18398807,9.931928447,41.75738,-86.52208
Spicer Lake,13350,19937,2500,8.404,10.97768005,11.85219337,10.41129114,41.75738,-86.52208
Spicer Lake,13350,19937,3500,8.9065,10.8766658,12.23369667,10.67228749,41.75738,-86.52208
Spicer Lake,13350,19937,4500,8.880142857,10.89943813,12.08106698,10.62021599,41.75738,-86.52208
Spicer Lake,13350,19937,5500,9.019857143,11.0151567,12.25391159,10.76297515,41.75738,-86.52208
Spicer Lake,13350,19937,6500,8.9884,11.24026351,12.39324869,10.87397074,41.75738,-86.52208
Spicer Lake,13350,19937,7500,8.3388,11.80889239,12.56263595,10.90344278,41.75738,-86.52208
Spicer Lake,13350,19937,8500,8.473333333,11.75537795,12.46505427,10.89792185,41.75738,-86.52208
Spicer Lake,13350,19937,9500,8.036909091,11.37842686,12.14298127,10.51943907,41.75738,-86.52208
Spicer Lake,13350,19937,10500,7.308,9.089885732,10.2299232,8.87593631,41.75738,-86.52208
Spicer Lake,13350,19937,11500,2.7826,3.195890961,5.246227069,3.741572677,41.75738,-86.52208
Spicer Lake,13350,19937,12500,3.368,3.65080017,5.671193227,4.229997799,41.75738,-86.52208
Spicer Lake,13350,19937,13500,0.255333333,3.053082159,4.388961576,2.565792356,41.75738,-86.52208
Spicer Lake,13350,19937,14500,-0.408,1.376910916,2.587907012,1.185605976,41.75738,-86.52208
Spicer Lake,13350,19937,15500,-2.443,-0.370453969,0.720730658,-0.697574437,41.75738,-86.52208
Mary Lake,13362,19967,500,5.536896552,6.264973851,8.425446914,6.742439105,44.735655,-81.00256
Mary Lake,13362,19967,1500,5.806714286,6.602544116,8.945411409,7.11822327,44.735655,-81.00256
Mary Lake,13362,19967,2500,5.732583333,6.951675331,9.173751894,7.28600352,44.735655,-81.00256
Mary Lake,13362,19967,3500,5.513777778,6.981976189,9.141335472,7.212363146,44.735655,-81.00256
Mary Lake,13362,19967,4500,5.403428571,7.116146744,9.328400624,7.282658647,44.735655,-81.00256
Mary Lake,13362,19967,5500,5.291,8.123820246,10.63126587,8.01536204,44.735655,-81.00256
Mary Lake,13362,19967,6500,5.748,7.33127414,9.305661262,7.461645134,44.735655,-81.00256
Mary Lake,13362,19967,7500,6.16,6.633462272,8.244970494,7.012810922,44.735655,-81.00256
Mary Lake,13362,19967,8500,5.428,5.25222506,7.097922264,5.926049108,44.735655,-81.00256
Mary Lake,13362,19967,9500,4.722,3.506126287,5.123289063,4.450471783,44.735655,-81.00256
Mary Lake,13362,19967,10500,3.6628,2.48853665,3.495667958,3.215668203,44.735655,-81.00256
South Rhody peatland,13528,20397,500,4.568235294,3.610689217,6.025207297,4.734710603,46.565795,-86.0752
South Rhody peatland,13528,20397,1500,3.778307692,3.260836421,5.41209082,4.150411644,46.565795,-86.0752
South Rhody peatland,13528,20397,2500,3.749285714,3.763127161,5.970156339,4.494189738,46.565795,-86.0752
South Rhody peatland,13528,20397,3500,4.066615385,3.757080375,5.765372308,4.529689356,46.565795,-86.0752
South Rhody peatland,13528,20397,4500,3.874714286,4.041345415,6.197630911,4.704563537,46.565795,-86.0752
South Rhody peatland,13528,20397,5500,4.218333333,4.579373271,6.867627419,5.221778008,46.565795,-86.0752
South Rhody peatland,13528,20397,6500,4.231333333,4.35201192,6.450381978,5.01124241,46.565795,-86.0752
South Rhody peatland,13528,20397,7500,3.6352,3.76198067,5.680593452,4.359258041,46.565795,-86.0752
South Rhody peatland,13528,20397,8500,2.275333333,3.116614811,4.701048846,3.36433233,46.565795,-86.0752
South Rhody peatland,13528,20397,9500,2.346,2.894463228,4.459549327,3.233337518,46.565795,-86.0752
South Rhody peatland,13528,20397,10500,0.741,-0.176450263,1.091666455,0.552072064,46.565795,-86.0752
Lake Grinnell,13583,20515,500,9.91,10.53963238,11.24896461,10.566199,41.098185,-74.63963
Lake Grinnell,13583,20515,1500,9.307818182,10.57720987,11.32263462,10.40255422,41.098185,-74.63963
Lake Grinnell,13583,20515,2500,9.738857143,10.66347646,11.36193273,10.58808878,41.098185,-74.63963
Lake Grinnell,13583,20515,3500,9.506,11.00447042,11.56403526,10.6915019,41.098185,-74.63963
Lake Grinnell,13583,20515,4500,8.982666667,10.61666092,11.21833544,10.27255434,41.098185,-74.63963
Lake Grinnell,13583,20515,5500,9.528571429,11.15559109,11.75325833,10.81247362,41.098185,-74.63963
Lake Grinnell,13583,20515,6500,9.446666667,10.97763372,11.81942434,10.74790824,41.098185,-74.63963
Lake Grinnell,13583,20515,7500,9.215142857,11.09748276,11.8156178,10.70941447,41.098185,-74.63963
Lake Grinnell,13583,20515,8500,8.961333333,10.99386659,11.68999155,10.54839716,41.098185,-74.63963
Lake Grinnell,13583,20515,9500,7.8144,9.963575695,10.57738355,9.451786416,41.098185,-74.63963
Lake Grinnell,13583,20515,10500,6.346666667,6.487105158,7.686640774,6.840137533,41.098185,-74.63963
Lake Grinnell,13583,20515,11500,3.706,1.97552764,3.167170532,2.949566057,41.098185,-74.63963
Lake Grinnell,13583,20515,12500,3.992666667,1.546792793,2.101833866,2.547097775,41.098185,-74.63963
Lake Grinnell,13583,20515,13500,0.527,-0.406747694,0.447034862,0.189095723,41.098185,-74.63963
Lake Grinnell,13583,20515,15500,0.18,-0.931129979,0.063200263,-0.229309905,41.098185,-74.63963
Lac Triangle,13899,21319,500,1.972,-1.588945456,0.022354928,0.135136491,48.710435,-65.41279
Lac Triangle,13899,21319,1500,2.62,-1.373645585,0.595172348,0.613842254,48.710435,-65.41279
Lac Triangle,13899,21319,2500,1.918666667,-1.636250349,0.259356944,0.180591087,48.710435,-65.41279
Lac Triangle,13899,21319,3500,2.009,-0.798500818,1.210671072,0.807056752,48.710435,-65.41279
Lac Triangle,13899,21319,4500,1.364,-0.997374051,0.772325406,0.379650452,48.710435,-65.41279
Lac Triangle,13899,21319,5500,1.922,-0.578447009,1.07530633,0.80628644,48.710435,-65.41279
Lac Triangle,13899,21319,6500,2.301,-0.80032964,0.867631591,0.789433984,48.710435,-65.41279
Lac Triangle,13899,21319,7500,2.568,-1.049888503,0.605652309,0.707921269,48.710435,-65.41279
Lac Triangle,13899,21319,8500,1.768,-1.633881504,0.015948753,0.050022417,48.710435,-65.41279
Lac Triangle,13899,21319,9500,-2.850666667,-3.601650308,-3.34166907,-3.264662015,48.710435,-65.41279
Lac Triangle,13899,21319,10500,-6.337333333,-2.056116596,-1.678949028,-3.357466319,48.710435,-65.41279
Lac Triangle,13899,21319,11500,-4.988,-2.118259376,-2.792392467,-3.299550614,48.710435,-65.41279
White Pond,2839,40111,500,19.4464,26.41310763,22.18934264,22.68295009,34.16759,-80.77616
White Pond,2839,40111,1500,19.011,24.51119074,20.48505998,21.33575024,34.16759,-80.77616
White Pond,2839,40111,2500,19.366,25.93027101,21.89472437,22.39699846,34.16759,-80.77616
White Pond,2839,40111,3500,19.51133333,26.68963221,22.34583402,22.84893319,34.16759,-80.77616
White Pond,2839,40111,4500,18.498,24.38450385,20.49970266,21.12740217,34.16759,-80.77616
White Pond,2839,40111,5500,19.04333333,22.6879262,18.8847625,20.20534068,34.16759,-80.77616
White Pond,2839,40111,6500,17.906,21.66593458,18.53096661,19.36763373,34.16759,-80.77616
White Pond,2839,40111,7500,17.59133333,18.39457341,16.55318174,17.5130295,34.16759,-80.77616
White Pond,2839,40111,8500,17.27628571,18.6557341,17.03332261,17.65511414,34.16759,-80.77616
White Pond,2839,40111,9500,17.038,20.41082203,18.22096143,18.55659449,34.16759,-80.77616
White Pond,2839,40111,10500,14.20571429,15.23793957,15.02749568,14.82371651,34.16759,-80.77616
White Pond,2839,40111,11500,11.39433333,13.55624315,13.98634865,12.97897504,34.16759,-80.77616
White Pond,2839,40111,12500,8.967142857,11.2470019,11.74688352,10.65367609,34.16759,-80.77616
White Pond,2839,40111,13500,8.206285714,9.186700486,9.753035718,9.048673973,34.16759,-80.77616
White Pond,2839,40111,14500,7.785666667,6.507315659,7.328306345,7.207096224,34.16759,-80.77616
White Pond,2839,40111,15500,6.583333333,5.712916665,6.535867738,6.277372579,34.16759,-80.77616
White Pond,2839,40111,16500,4.534,3.104286642,4.081081544,3.906456062,34.16759,-80.77616
White Pond,2839,40111,17500,3.954,2.583297721,3.676479468,3.404592396,34.16759,-80.77616
White Pond,2839,40111,18500,1.322,2.267287076,3.408922338,2.332736472,34.16759,-80.77616
White Pond,2839,40111,19500,1.545,2.223693945,3.379813647,2.382835864,34.16759,-80.77616
Stotzel-Leis Site,2520,40168,6500,9.064,8.70590496,7.781957363,8.517287441,40.216667,-84.689444
Stotzel-Leis Site,2520,40168,7500,8.668666667,10.3860637,10.00542816,9.68671951,40.216667,-84.689444
Stotzel-Leis Site,2520,40168,8500,9.001857143,10.17149187,9.983181404,9.718843471,40.216667,-84.689444
Stotzel-Leis Site,2520,40168,9500,8.3078,10.52043477,10.55714162,9.795125461,40.216667,-84.689444
Stotzel-Leis Site,2520,40168,10500,7.645625,10.06674157,10.44193416,9.384766908,40.216667,-84.689444
Stotzel-Leis Site,2520,40168,11500,6.632888889,7.316608986,8.018260175,7.322586017,40.216667,-84.689444
Stotzel-Leis Site,2520,40168,12500,5.551333333,3.586183875,4.679926582,4.605814597,40.216667,-84.689444
Stotzel-Leis Site,2520,40168,13500,7.296571429,8.085791333,9.024446783,8.135603181,40.216667,-84.689444
Stotzel-Leis Site,2520,40168,14500,6.518285714,5.688424618,6.596690076,6.267800136,40.216667,-84.689444
Stotzel-Leis Site,2520,40168,15500,-0.443111111,0.154075245,0.791813526,0.167592553,40.216667,-84.689444
Stotzel-Leis Site,2520,40168,16500,-2.6814,-2.88301404,-1.948396189,-2.504270077,40.216667,-84.689444
Stotzel-Leis Site,2520,40168,17500,-2.341,-3.273705459,-2.412921503,-2.675875654,40.216667,-84.689444
Stotzel-Leis Site,2520,40168,18500,-1.8385,-3.117015383,-2.44341261,-2.466309331,40.216667,-84.689444
Benson Pond,23579,40791,1500,6.33775,6.14735706,8.073819631,6.852975564,42.377775,-73.09478
Benson Pond,23579,40791,2500,6.458666667,6.8222613,9.339624619,7.540184195,42.377775,-73.09478
Benson Pond,23579,40791,3500,6.455,6.98320265,9.508120518,7.648774389,42.377775,-73.09478
Benson Pond,23579,40791,4500,6.56,7.178178844,9.250622115,7.662933653,42.377775,-73.09478
Benson Pond,23579,40791,5500,6.3746,7.189729913,9.908832889,7.824387601,42.377775,-73.09478
Benson Pond,23579,40791,6500,6.386,7.29990777,10.01410268,7.900003483,42.377775,-73.09478
Benson Pond,23579,40791,7500,6.323333333,7.356466586,10.31317313,7.997657684,42.377775,-73.09478
Benson Pond,23579,40791,8500,6.342,7.011027444,9.935916464,7.762981303,42.377775,-73.09478
Benson Pond,23579,40791,9500,6.071,7.195821106,9.792487169,7.686436092,42.377775,-73.09478
Benson Pond,23579,40791,10500,2.476,1.924847567,3.531584333,2.644143967,42.377775,-73.09478
Benson Pond,23579,40791,11500,-2.554,-3.578662484,-2.401101934,-2.844588139,42.377775,-73.09478
Benson Pond,23579,40791,12500,-2.344,-3.989180432,-3.363108235,-3.232096222,42.377775,-73.09478
Benson Pond,23579,40791,13500,-1.618,-2.39647544,-3.12412386,-2.3795331,42.377775,-73.09478
Berry Pond,23580,40793,500,8.419818182,8.54866877,9.557105951,8.841864301,42.62006,-71.086805
Berry Pond,23580,40793,1500,8.796916667,9.688587669,10.75586115,9.747121828,42.62006,-71.086805
Berry Pond,23580,40793,2500,7.871363636,9.553744873,10.68054314,9.368550551,42.62006,-71.086805
Berry Pond,23580,40793,3500,8.227058824,9.994897911,11.05712003,9.759692255,42.62006,-71.086805
Berry Pond,23580,40793,4500,9.163,10.25578981,11.31820839,10.24566606,42.62006,-71.086805
Berry Pond,23580,40793,5500,9.351272727,10.6010587,11.78726193,10.57986445,42.62006,-71.086805
Berry Pond,23580,40793,6500,9.2708,10.34659524,11.61003897,10.40914474,42.62006,-71.086805
Berry Pond,23580,40793,7500,7.70125,8.947088867,10.28238518,8.976908014,42.62006,-71.086805
Berry Pond,23580,40793,8500,5.543428571,6.951227821,8.272312762,6.922323051,42.62006,-71.086805
Berry Pond,23580,40793,9500,5.769666667,6.564664665,7.934961933,6.756431088,42.62006,-71.086805
Berry Pond,23580,40793,10500,5.409666667,5.518586962,7.061594244,5.996615958,42.62006,-71.086805
Berry Pond,23580,40793,11500,3.0265,1.921402356,3.629928807,2.859277054,42.62006,-71.086805
Berry Pond,23580,40793,12500,-3.678666667,-3.76667902,-2.390425095,-3.278590261,42.62006,-71.086805
Berry Pond,23580,40793,13500,-1.900666667,-2.196578397,-0.591131053,-1.562792039,42.62006,-71.086805
Berry Pond,23580,40793,14500,-3.5005,-1.765254427,-1.433911334,-2.23322192,42.62006,-71.086805
Blaney's Pond,23582,40797,500,9.331,9.509812502,12.37284893,10.40455381,41.471805,-70.766135
Blaney's Pond,23582,40797,1500,11.2454,11.20923528,14.41491054,12.28984861,41.471805,-70.766135
Blaney's Pond,23582,40797,2500,11.24155556,10.98852736,14.29089338,12.17365877,41.471805,-70.766135
Blaney's Pond,23582,40797,3500,11.7945,10.72048804,14.43595669,12.31698158,41.471805,-70.766135
Blaney's Pond,23582,40797,4500,8.3255,9.373748285,11.23450435,9.644584213,41.471805,-70.766135
Blaney's Pond,23582,40797,5500,9.65,11.05328274,12.26029995,10.9878609,41.471805,-70.766135
Blaney's Pond,23582,40797,6500,8.01,9.336422512,10.5490304,9.298484304,41.471805,-70.766135
Blaney's Pond,23582,40797,7500,7.092666667,8.961469686,10.01972782,8.691288058,41.471805,-70.766135
Blaney's Pond,23582,40797,8500,7.746666667,7.790715585,9.021708557,8.186363603,41.471805,-70.766135
Blaney's Pond,23582,40797,9500,7.721,7.045552902,8.302826294,7.689793065,41.471805,-70.766135
Blaney's Pond,23582,40797,10500,4.879333333,3.080465849,4.389416866,4.11640535,41.471805,-70.766135
Blaney's Pond,23582,40797,11500,1.202,0.925652175,2.445752035,1.52446807,41.471805,-70.766135
Blaney's Pond,23582,40797,12500,0.923,1.410079354,2.798518681,1.710532678,41.471805,-70.766135
Blaney's Pond,23582,40797,13500,1.07,-0.111188258,0.40068767,0.453166471,41.471805,-70.766135
Blood Pond,23583,40799,500,8.412363636,7.844570878,9.048762865,8.43523246,42.08019,-71.96105
Blood Pond,23583,40799,1500,7.738444444,8.123574257,9.736696188,8.532904963,42.08019,-71.96105
Blood Pond,23583,40799,2500,9.387666667,10.26234194,11.55878183,10.40293015,42.08019,-71.96105
Blood Pond,23583,40799,3500,9.249,10.56603089,11.67351732,10.49618273,42.08019,-71.96105
Blood Pond,23583,40799,4500,9.272857143,10.88820698,11.85941214,10.67349209,42.08019,-71.96105
Blood Pond,23583,40799,5500,9.236,10.71970073,11.99772952,10.65114342,42.08019,-71.96105
Blood Pond,23583,40799,6500,8.67425,10.39330686,12.00317813,10.35691166,42.08019,-71.96105
Blood Pond,23583,40799,7500,9.413428571,10.69378127,11.90983878,10.67234954,42.08019,-71.96105
Blood Pond,23583,40799,8500,8.14575,9.481396983,10.58144884,9.402865273,42.08019,-71.96105
Blood Pond,23583,40799,9500,6.743555556,8.709739748,9.940303948,8.464533084,42.08019,-71.96105
Blood Pond,23583,40799,10500,5.441866667,6.255329643,8.205408473,6.634201594,42.08019,-71.96105
Blood Pond,23583,40799,11500,5.155555556,5.952415053,7.641701172,6.249890594,42.08019,-71.96105
Blood Pond,23583,40799,12500,2.77,0.301037312,2.41539256,1.828809957,42.08019,-71.96105
Blood Pond,23583,40799,13500,0.2564,-0.701894598,0.953830226,0.169445209,42.08019,-71.96105
Blood Pond,23583,40799,14500,-1.852,-0.093645876,1.273989921,-0.223885319,42.08019,-71.96105
Blood Pond,23583,40799,15500,1.248,-1.513895352,-2.039874877,-0.768590076,42.08019,-71.96105
Deep-Falmouth Pond,23586,40803,500,9.102315789,9.668772245,10.36055169,9.710546575,41.564035,-70.63573
Deep-Falmouth Pond,23586,40803,1500,9.772375,10.74261852,11.52622965,10.68040772,41.564035,-70.63573
Deep-Falmouth Pond,23586,40803,2500,9.538666667,11.32247867,12.26645912,11.04253482,41.564035,-70.63573
Deep-Falmouth Pond,23586,40803,3500,8.706666667,10.08207272,11.69708691,10.1619421,41.564035,-70.63573
Deep-Falmouth Pond,23586,40803,4500,7.950888889,9.608881256,11.45478394,9.67151803,41.564035,-70.63573
Deep-Falmouth Pond,23586,40803,5500,9.024615385,10.86087389,12.16139669,10.68229532,41.564035,-70.63573
Deep-Falmouth Pond,23586,40803,6500,8.422222222,11.05097346,11.94672741,10.4733077,41.564035,-70.63573
Deep-Falmouth Pond,23586,40803,7500,8.236,10.51600136,11.43318144,10.0617276,41.564035,-70.63573
Deep-Falmouth Pond,23586,40803,8500,7.152666667,8.74344176,9.704422382,8.53351027,41.564035,-70.63573
Deep-Falmouth Pond,23586,40803,9500,6.663,8.336321277,9.205408392,8.068243223,41.564035,-70.63573
Deep-Falmouth Pond,23586,40803,10500,5.5325,5.020600781,6.311880719,5.6216605,41.564035,-70.63573
Deep-Falmouth Pond,23586,40803,11500,2.834,1.193897239,2.465999409,2.164632216,41.564035,-70.63573
Deep-Falmouth Pond,23586,40803,12500,-0.006,-1.402825909,-0.406387059,-0.605070989,41.564035,-70.63573
Deep-Falmouth Pond,23586,40803,14500,0.934,0.859227974,1.804304046,1.19917734,41.564035,-70.63573
Deep-Falmouth Pond,23586,40803,15500,1.806,1.397787773,2.887315015,2.030367596,41.564035,-70.63573
Deep-Taunton Pond,23609,40844,500,7.985,8.52585491,9.571616815,8.694157242,41.88215,-71.012
Deep-Taunton Pond,23609,40844,1500,9.074,9.147125783,10.28891752,9.503347767,41.88215,-71.012
Deep-Taunton Pond,23609,40844,2500,9.3405,9.206983099,10.28476223,9.610748444,41.88215,-71.012
Deep-Taunton Pond,23609,40844,3500,9.714,9.365531057,10.2989503,9.792827119,41.88215,-71.012
Deep-Taunton Pond,23609,40844,4500,9.374,10.29199983,11.18882894,10.28494292,41.88215,-71.012
Deep-Taunton Pond,23609,40844,5500,9.5935,11.01306951,11.98057894,10.86238282,41.88215,-71.012
Deep-Taunton Pond,23609,40844,6500,9.4,11.03427017,12.04906107,10.82777708,41.88215,-71.012
Deep-Taunton Pond,23609,40844,7500,8.737333333,8.910150846,9.942280749,9.196588309,41.88215,-71.012
Deep-Taunton Pond,23609,40844,8500,6.906666667,7.989070413,8.866800703,7.920845928,41.88215,-71.012
Deep-Taunton Pond,23609,40844,9500,7.1205,6.563057861,7.808696119,7.16408466,41.88215,-71.012
Deep-Taunton Pond,23609,40844,10500,4.67825,3.288799067,4.875392695,4.280813921,41.88215,-71.012
Deep-Taunton Pond,23609,40844,11500,3.265,1.813834644,3.349620401,2.809485015,41.88215,-71.012
Deep-Taunton Pond,23609,40844,12500,-1.908,-2.542001253,-1.137476485,-1.862492579,41.88215,-71.012
Deep-Taunton Pond,23609,40844,13500,0.703,0.207804396,1.864877256,0.925227217,41.88215,-71.012
Deep-Taunton Pond,23609,40844,14500,-1.658,-1.624945987,-0.089912349,-1.124286112,41.88215,-71.012
Deep-Taunton Pond,23609,40844,15500,-1.396,-2.265662859,-1.077967026,-1.579876629,41.88215,-71.012
Deep-Taunton Pond,23609,40844,17500,-0.882,-2.704938538,-3.423538752,-2.336825763,41.88215,-71.012
Doe Pond,23614,40854,500,7.860125,7.618140124,8.702452927,8.06023935,42.17535,-72.7018
Doe Pond,23614,40854,1500,8.130375,8.437445196,9.686083923,8.751301373,42.17535,-72.7018
Doe Pond,23614,40854,2500,7.7928,8.573817391,9.794757163,8.720458185,42.17535,-72.7018
Doe Pond,23614,40854,3500,8.436222222,8.84093215,10.03164791,9.102934094,42.17535,-72.7018
Doe Pond,23614,40854,4500,8.8036,9.261259549,10.48157319,9.515477579,42.17535,-72.7018
Doe Pond,23614,40854,5500,8.190888889,9.001212321,10.40458815,9.198896454,42.17535,-72.7018
Doe Pond,23614,40854,6500,7.141,8.753388845,10.29343392,8.729274255,42.17535,-72.7018
Doe Pond,23614,40854,7500,8.550666667,8.862523836,10.26937078,9.227520427,42.17535,-72.7018
Doe Pond,23614,40854,8500,7.935,8.831833992,10.2044248,8.990419597,42.17535,-72.7018
Doe Pond,23614,40854,9500,5.5845,7.093343949,8.470749398,7.049531116,42.17535,-72.7018
Doe Pond,23614,40854,10500,5.302,4.366041846,6.069359323,5.24580039,42.17535,-72.7018
Doe Pond,23614,40854,11500,4.812666667,3.89649873,5.372974168,4.694046521,42.17535,-72.7018
Doe Pond,23614,40854,12500,0.607,-0.805511535,0.931413645,0.244300703,42.17535,-72.7018
Doe Pond,23614,40854,13500,1.123,-0.141822873,0.045638936,0.342272021,42.17535,-72.7018
Doe Pond,23614,40854,14500,-5.319,-1.618542573,-2.595250205,-3.177597593,42.17535,-72.7018
Doe Pond,23614,40854,15500,-3.664,-1.905915394,-3.698249157,-3.089388183,42.17535,-72.7018
Green Pond,10433,40861,3500,4.438,5.538029391,6.782594331,5.586207907,42.56705,-72.5108
Green Pond,10433,40861,4500,6.68,6.702692493,8.228701874,7.203798122,42.56705,-72.5108
Green Pond,10433,40861,5500,7.698,8.364976467,9.985207241,8.682727903,42.56705,-72.5108
Green Pond,10433,40861,6500,8.196,8.80611697,10.41692505,9.139680674,42.56705,-72.5108
Green Pond,10433,40861,7500,5.924,7.407392969,9.120539104,7.483977358,42.56705,-72.5108
Green Pond,10433,40861,8500,5.566,6.75754302,8.428198236,6.917247086,42.56705,-72.5108
Green Pond,10433,40861,9500,5.178666667,5.133725609,6.753243395,5.688545224,42.56705,-72.5108
Green Pond,10433,40861,10500,5.171333333,4.302098476,6.059594238,5.177675349,42.56705,-72.5108
Green Pond,10433,40861,11500,4.1,2.644496585,4.290660049,3.678385545,42.56705,-72.5108
Green Pond,10433,40861,12500,4.124,2.335271848,3.882627757,3.447299868,42.56705,-72.5108
Guilder Pond,23625,40875,500,6.096,7.871917176,9.717640963,7.895186046,42.10864,-73.4372
Guilder Pond,23625,40875,1500,6.3784,7.751090169,9.500409633,7.876633267,42.10864,-73.4372
Guilder Pond,23625,40875,2500,6.29,7.913580555,9.784957394,7.996179317,42.10864,-73.4372
Guilder Pond,23625,40875,3500,7.346,8.17262271,9.914379516,8.477667409,42.10864,-73.4372
Guilder Pond,23625,40875,4500,7.454571429,8.451497801,10.12996403,8.678677752,42.10864,-73.4372
Guilder Pond,23625,40875,5500,6.830666667,8.126832307,10.3359449,8.431147958,42.10864,-73.4372
Guilder Pond,23625,40875,6500,6.5745,7.933310425,10.51168229,8.339830904,42.10864,-73.4372
Guilder Pond,23625,40875,7500,6.822,7.60526104,9.845870492,8.091043844,42.10864,-73.4372
Guilder Pond,23625,40875,8500,7.153333333,8.374638799,10.23795428,8.588642136,42.10864,-73.4372
Guilder Pond,23625,40875,9500,6.312,7.234941874,8.88434463,7.477095501,42.10864,-73.4372
Guilder Pond,23625,40875,10500,4.938666667,6.363021477,8.065689385,6.455792509,42.10864,-73.4372
Guilder Pond,23625,40875,11500,4.722,4.062148494,6.198289524,4.994146006,42.10864,-73.4372
Guilder Pond,23625,40875,12500,0.71,-0.927742077,0.600340229,0.127532717,42.10864,-73.4372
Guilder Pond,23625,40875,13500,1.405,0.686910609,2.578980588,1.556963732,42.10864,-73.4372
Guilder Pond,23625,40875,14500,-1.188,-0.966520264,0.516501636,-0.546006209,42.10864,-73.4372
Knob Hill Pond,23647,40914,500,4.950210526,3.481886503,5.662882225,4.698326418,44.36035,-72.37295
Knob Hill Pond,23647,40914,1500,5.299294118,4.515299646,6.987972403,5.600855389,44.36035,-72.37295
Knob Hill Pond,23647,40914,2500,5.884923077,4.905338671,7.417878175,6.069379974,44.36035,-72.37295
Knob Hill Pond,23647,40914,3500,5.428285714,4.617206439,7.035297737,5.69359663,44.36035,-72.37295
Knob Hill Pond,23647,40914,4500,5.18975,4.246931539,6.404599237,5.280426925,44.36035,-72.37295
Knob Hill Pond,23647,40914,5500,5.0948,3.788717813,5.95475381,4.946090541,44.36035,-72.37295
Knob Hill Pond,23647,40914,6500,5.687857143,4.516636113,6.979361513,5.727951589,44.36035,-72.37295
Knob Hill Pond,23647,40914,7500,5.017833333,4.121984246,6.568546245,5.236121275,44.36035,-72.37295
Knob Hill Pond,23647,40914,8500,4.9185,4.395188508,6.727390545,5.347026351,44.36035,-72.37295
Knob Hill Pond,23647,40914,9500,5.034666667,5.373921839,7.398849986,5.93581283,44.36035,-72.37295
Knob Hill Pond,23647,40914,10500,5.494,5.392754186,7.151807623,6.012853936,44.36035,-72.37295
Knob Hill Pond,23647,40914,11500,4.706,3.477093555,5.033912657,4.405668737,44.36035,-72.37295
Knob Hill Pond,23647,40914,12500,2.857333333,1.835538305,3.618615994,2.770495877,44.36035,-72.37295
Knob Hill Pond,23647,40914,13500,0.2765,0.064603202,1.490578482,0.610560562,44.36035,-72.37295
Little Royalston Pond,23691,40988,500,6.7155,5.320341464,7.182275689,6.406039051,42.67595,-72.19285
Little Royalston Pond,23691,40988,1500,6.245333333,6.201351587,8.716406123,7.054363681,42.67595,-72.19285
Little Royalston Pond,23691,40988,2500,6.00575,6.793384993,9.403037837,7.400724277,42.67595,-72.19285
Little Royalston Pond,23691,40988,3500,6.598666667,7.580151125,9.616935975,7.931917922,42.67595,-72.19285
Little Royalston Pond,23691,40988,4500,6.890571429,7.969972599,9.734502206,8.198348745,42.67595,-72.19285
Little Royalston Pond,23691,40988,5500,6.592666667,7.798769365,9.924085112,8.105173715,42.67595,-72.19285
Little Royalston Pond,23691,40988,6500,6.533428571,7.278700176,9.934973216,7.915700655,42.67595,-72.19285
Little Royalston Pond,23691,40988,7500,6.395111111,7.312323234,9.645358428,7.784264258,42.67595,-72.19285
Little Royalston Pond,23691,40988,8500,5.74,7.050952537,8.979814088,7.256922208,42.67595,-72.19285
Little Royalston Pond,23691,40988,9500,5.376,6.188398021,7.936345416,6.500247812,42.67595,-72.19285
Little Royalston Pond,23691,40988,10500,5.4156,5.294475264,7.041261667,5.91711231,42.67595,-72.19285
Little Royalston Pond,23691,40988,11500,4.0744,3.195158482,4.872803742,4.047454075,42.67595,-72.19285
Little Royalston Pond,23691,40988,12500,0.6,0.197558391,1.866553881,0.888037424,42.67595,-72.19285
Little Royalston Pond,23691,40988,13500,1.142,-0.528016857,0.893685181,0.502556108,42.67595,-72.19285
Little Royalston Pond,23691,40988,14500,-0.196,-1.73346429,-1.974502354,-1.301322215,42.67595,-72.19285
Little Willey Pond,23693,40992,500,5.64225,4.635507513,6.711315871,5.663024462,43.2917,-71.1781
Little Willey Pond,23693,40992,1500,6.231636364,5.656432252,8.319107901,6.735725506,43.2917,-71.1781
Little Willey Pond,23693,40992,2500,6.0568,5.848889446,8.420015447,6.775234964,43.2917,-71.1781
Little Willey Pond,23693,40992,3500,6.097333333,5.938943519,8.299904847,6.778727233,43.2917,-71.1781
Little Willey Pond,23693,40992,4500,6.1125,6.336674622,8.22908624,6.892753621,43.2917,-71.1781
Little Willey Pond,23693,40992,5500,5.811555556,5.994151279,8.20993434,6.671880392,43.2917,-71.1781
Little Willey Pond,23693,40992,6500,6.02775,6.733107719,9.190881843,7.317246521,43.2917,-71.1781
Little Willey Pond,23693,40992,7500,5.47,5.991402696,8.330027942,6.597143546,43.2917,-71.1781
Little Willey Pond,23693,40992,8500,5.4548,5.276634153,7.074533743,5.935322632,43.2917,-71.1781
Little Willey Pond,23693,40992,9500,5.0672,4.274176844,5.942366045,5.094580963,43.2917,-71.1781
Little Willey Pond,23693,40992,10500,5.333333333,4.091374046,5.768753119,5.064486833,43.2917,-71.1781
Little Willey Pond,23693,40992,11500,4.1976,2.57088035,4.40247067,3.72365034,43.2917,-71.1781
Little Willey Pond,23693,40992,12500,-1.223333333,-1.152323907,-0.618522051,-0.998059764,43.2917,-71.1781
Sears Pond,23698,41001,500,5.932,7.048641544,8.072668817,7.01777012,40.886,-72.5783
Sears Pond,23698,41001,1500,8.073,8.093128024,8.950300287,8.37214277,40.886,-72.5783
Sears Pond,23698,41001,2500,8.986,8.899107566,9.772857471,9.219321679,40.886,-72.5783
Sears Pond,23698,41001,3500,8.398,9.254997379,10.04940383,9.234133736,40.886,-72.5783
Sears Pond,23698,41001,4500,8.646666667,9.099634729,9.819809996,9.188703797,40.886,-72.5783
Sears Pond,23698,41001,5500,6.7964,7.979024397,9.006259464,7.927227954,40.886,-72.5783
Sears Pond,23698,41001,6500,6.530333333,8.3476194,9.565728773,8.147893836,40.886,-72.5783
Sears Pond,23698,41001,7500,7.986,9.135361895,9.959972513,9.027111469,40.886,-72.5783
Sears Pond,23698,41001,8500,7.19,8.194779786,8.662180052,8.015653279,40.886,-72.5783
Sears Pond,23698,41001,9500,4.908,3.790616991,4.467150358,4.388589117,40.886,-72.5783
Sears Pond,23698,41001,10500,4.018,0.410126883,0.599935629,1.676020838,40.886,-72.5783
Uncle Seth's Pond,23709,41018,500,8.658,8.622802644,9.459613193,8.913471946,41.43305,-70.66464
Uncle Seth's Pond,23709,41018,1500,8.988,10.00717613,11.1230172,10.03939778,41.43305,-70.66464
Uncle Seth's Pond,23709,41018,2500,9.576,9.544644252,10.75186616,9.957503471,41.43305,-70.66464
Uncle Seth's Pond,23709,41018,3500,9.0644,9.87629153,11.11158806,10.01742653,41.43305,-70.66464
Uncle Seth's Pond,23709,41018,4500,9.522666667,10.05141873,11.1715613,10.2485489,41.43305,-70.66464
Uncle Seth's Pond,23709,41018,5500,9.098,10.14466051,11.16160278,10.13475443,41.43305,-70.66464
Uncle Seth's Pond,23709,41018,6500,8.929333333,9.384281536,10.40697885,9.573531239,41.43305,-70.66464
Uncle Seth's Pond,23709,41018,7500,8.077333333,7.595168203,8.367765736,8.013422424,41.43305,-70.66464
Uncle Seth's Pond,23709,41018,8500,7.668333333,7.51774559,8.442991845,7.876356923,41.43305,-70.66464
Uncle Seth's Pond,23709,41018,9500,7.4,5.770560546,6.828364555,6.666308367,41.43305,-70.66464
Uncle Seth's Pond,23709,41018,10500,4.94775,2.943107491,4.408676061,4.099844517,41.43305,-70.66464
Uncle Seth's Pond,23709,41018,11500,1.461,0.622369126,2.295042055,1.459470394,41.43305,-70.66464
Uncle Seth's Pond,23709,41018,12500,1.244,0.985573391,2.75123313,1.66026884,41.43305,-70.66464
Ware Pond,23713,41025,500,8.329785714,7.959499719,8.605697667,8.2983277,42.48245,-70.88225
Ware Pond,23713,41025,1500,9.174,10.43777204,11.20660279,10.27279161,42.48245,-70.88225
Ware Pond,23713,41025,2500,8.798,9.677582524,10.51973805,9.665106857,42.48245,-70.88225
Ware Pond,23713,41025,3500,9.142,9.740718251,10.64788291,9.843533721,42.48245,-70.88225
Ware Pond,23713,41025,4500,9.304666667,10.50687688,11.11227653,10.30794002,42.48245,-70.88225
Ware Pond,23713,41025,5500,8.955333333,10.2214621,10.93820852,10.03833465,42.48245,-70.88225
Ware Pond,23713,41025,6500,9.345,10.62994814,11.67567435,10.5502075,42.48245,-70.88225
Ware Pond,23713,41025,7500,8.582,10.1909507,10.96651557,9.913155421,42.48245,-70.88225
Ware Pond,23713,41025,8500,7.254,8.614671753,9.260244117,8.37630529,42.48245,-70.88225
Ware Pond,23713,41025,9500,5.755333333,7.09820828,7.904384804,6.919308806,42.48245,-70.88225
Ware Pond,23713,41025,10500,5.238,5.865939677,7.150376731,6.084772136,42.48245,-70.88225
West Side Pond,23714,41027,500,7.927666667,7.221555291,8.404010037,7.851077332,41.8545,-73.2566
West Side Pond,23714,41027,1500,8.365,7.900341235,9.105287339,8.456876191,41.8545,-73.2566
West Side Pond,23714,41027,2500,7.794,7.439863984,8.813186462,8.015683482,41.8545,-73.2566
West Side Pond,23714,41027,3500,8.8345,8.948023448,9.973271123,9.251931524,41.8545,-73.2566
West Side Pond,23714,41027,4500,8.8176,8.633966432,9.469272219,8.973612884,41.8545,-73.2566
West Side Pond,23714,41027,5500,8.527333333,9.444490925,10.88152111,9.61778179,41.8545,-73.2566
West Side Pond,23714,41027,6500,7.122,8.654798869,10.66179616,8.81286501,41.8545,-73.2566
West Side Pond,23714,41027,7500,6.692666667,7.773407046,10.24869999,8.2382579,41.8545,-73.2566
West Side Pond,23714,41027,8500,6.994,7.961691053,9.851940556,8.269210536,41.8545,-73.2566
West Side Pond,23714,41027,9500,6.205333333,7.791965748,9.569714072,7.855671051,41.8545,-73.2566
West Side Pond,23714,41027,10500,5.388,5.762737045,7.351744288,6.167493778,41.8545,-73.2566
West Side Pond,23714,41027,11500,4.235,2.781346203,4.291843397,3.769396533,41.8545,-73.2566
West Side Pond,23714,41027,12500,1.108,0.474256181,2.100032943,1.227429708,41.8545,-73.2566
Bonnet Lake,NA,NA,8500,10.87,11.13860409,10.71467128,10.90775845,40.66737,-82.13957
Bonnet Lake,NA,NA,9500,9.110666667,11.36556566,11.55520255,10.67714496,40.66737,-82.13957
Bonnet Lake,NA,NA,10500,9.027866667,10.82345308,10.95253476,10.2679515,40.66737,-82.13957
Bonnet Lake,NA,NA,11500,7.1285,8.908949525,9.494120197,8.510523241,40.66737,-82.13957
Bonnet Lake,NA,NA,12500,4.149555556,2.952678173,4.142796489,3.748343406,40.66737,-82.13957
Bonnet Lake,NA,NA,13500,5.31175,3.749054444,4.571438558,4.544081001,40.66737,-82.13957
Bonnet Lake,NA,NA,14500,1.552666667,2.82902629,3.753814046,2.711835667,40.66737,-82.13957
Bonnet Lake,NA,NA,15500,-3.442,-3.843007988,-2.833758075,-3.372922021,40.66737,-82.13957
Bonnet Lake,NA,NA,16500,-3.2304,-4.386662031,-3.12543484,-3.58083229,40.66737,-82.13957
Bonnet Lake,NA,NA,17500,-2.7226,-4.17296736,-2.894196064,-3.263254475,40.66737,-82.13957
Bonnet Lake,NA,NA,18500,-2.82,-4.531173805,-2.758051047,-3.369741617,40.66737,-82.13957
Cupola Pond,NA,NA,11500,9.23325,10.40527616,10.62732362,10.0886166,36.799197,-91.090036
Cupola Pond,NA,NA,12500,5.555833333,5.274534854,5.619219975,5.483196054,36.799197,-91.090036
Cupola Pond,NA,NA,13500,-2.145,1.345213757,1.854930114,0.351714624,36.799197,-91.090036
Cupola Pond,NA,NA,14500,0.856,1.126742084,1.474330192,1.152357425,36.799197,-91.090036
Cupola Pond,NA,NA,15500,-2.1652,-0.912626537,-0.194909448,-1.090911995,36.799197,-91.090036
Cupola Pond,NA,NA,16500,-1.818363636,-1.776511473,-0.96900004,-1.521291716,36.799197,-91.090036
Cupola Pond,NA,NA,17500,-1.64,-1.281795512,-0.391199935,-1.104331816,36.799197,-91.090036
Cupola Pond,NA,NA,18500,-0.433272727,-0.59916014,0.441609362,-0.196941169,36.799197,-91.090036
Cupola Pond,NA,NA,19500,-0.941733333,-0.283388441,0.674346486,-0.183591763,36.799197,-91.090036
Sheelar Lake,NA,NA,10500,19.019,19.95069693,17.61480581,18.86150091,29.839209,-81.958343
Sheelar Lake,NA,NA,11500,19.51633333,24.00695009,20.53939538,21.35422627,29.839209,-81.958343
Sheelar Lake,NA,NA,12500,19.18933333,22.23647042,19.39714391,20.27431589,29.839209,-81.958343
Sheelar Lake,NA,NA,13500,17.31476923,20.50921838,18.58280509,18.80226423,29.839209,-81.958343
Sheelar Lake,NA,NA,14500,16.17414286,16.07144116,16.35430213,16.19996205,29.839209,-81.958343
Sheelar Lake,NA,NA,15500,15.81944444,15.55264936,15.94603409,15.7727093,29.839209,-81.958343
Sheelar Lake,NA,NA,16500,14.01272727,13.88073643,14.83171036,14.24172469,29.839209,-81.958343
Sheelar Lake,NA,NA,17500,15.8166,12.95024391,13.95374134,14.24019508,29.839209,-81.958343
Sheelar Lake,NA,NA,18500,15.49925,13.84202453,13.62246382,14.32124612,29.839209,-81.958343
Lake Annie,1597,NA,500,22.08571429,26.76216429,22.40187551,23.74991803,27.20731,-81.350875
Lake Annie,1597,NA,1500,22.27433333,26.14486571,22.20467229,23.54129044,27.20731,-81.350875
Lake Annie,1597,NA,2500,22.406,25.76469547,22.0209287,23.39720806,27.20731,-81.350875
Lake Annie,1597,NA,3500,22.2856,24.89563426,21.47899456,22.88674294,27.20731,-81.350875
Lake Annie,1597,NA,4500,21.874,24.09243195,21.12421283,22.36354826,27.20731,-81.350875
Lake Annie,1597,NA,5500,21.885,23.0413889,20.08670902,21.67103264,27.20731,-81.350875
Lake Annie,1597,NA,6500,19.967,17.26204948,15.0859303,17.43832659,27.20731,-81.350875
Lake Annie,1597,NA,7500,18.128,16.28127082,14.70453385,16.37126822,27.20731,-81.350875
Lake Annie,1597,NA,8500,18.49533333,17.31593991,15.34094886,17.0507407,27.20731,-81.350875
Lake Annie,1597,NA,9500,16.9785,15.24176029,13.86611973,15.36212667,27.20731,-81.350875
Lake Annie,1597,NA,10500,17.446,16.1672105,14.68487167,16.09936073,27.20731,-81.350875
Lake Annie,1597,NA,11500,19.0225,19.81710465,17.7140638,18.85122282,27.20731,-81.350875
Lake Annie,1597,NA,12500,19.91527273,19.2568624,17.99088881,19.05434131,27.20731,-81.350875
Lake Annie,1597,NA,13500,17.38225,18.36222057,17.06417662,17.6028824,27.20731,-81.350875
NA,NA,NA,9500,7.318968893,7.318968893,7.318968893,7.318968893,40.66737,-82.13957
NA,NA,NA,10500,6.977786336,6.977786336,6.977786336,6.977786336,40.66737,-82.13957
NA,NA,NA,11500,6.466072135,6.466072135,6.466072135,6.466072135,40.66737,-82.13957
NA,NA,NA,12500,4.858487217,4.858487217,4.858487217,4.858487217,40.66737,-82.13957
NA,NA,NA,13500,5.948340124,5.948340124,5.948340124,5.948340124,40.66737,-82.13957
NA,NA,NA,14500,5.974732839,5.974732839,5.974732839,5.974732839,40.66737,-82.13957
NA,NA,NA,15500,2.941038584,2.941038584,2.941038584,2.941038584,40.66737,-82.13957
NA,NA,NA,16500,1.706901258,1.706901258,1.706901258,1.706901258,40.66737,-82.13957
NA,NA,NA,17500,2.152378567,2.152378567,2.152378567,2.152378567,40.66737,-82.13957
NA,NA,NA,18500,4.90275225,4.90275225,4.90275225,4.90275225,40.66737,-82.13957
NA,NA,NA,5500,9.987327803,9.987327803,9.987327803,11.06770096,40.354335,-83.812515
NA,NA,NA,8500,8.873078212,8.873078212,8.873078212,10.38618158,40.354335,-83.812515
NA,NA,NA,9500,7.799820111,7.799820111,7.799820111,9.691488555,40.354335,-83.812515
NA,NA,NA,10500,6.337015907,6.337015907,6.337015907,8.777666817,40.354335,-83.812515
NA,NA,NA,11500,4.124390461,4.124390461,4.124390461,7.37333772,40.354335,-83.812515
NA,NA,NA,12500,3.835394417,3.835394417,3.835394417,7.197071233,40.354335,-83.812515
NA,NA,NA,13500,4.726051404,4.726051404,4.726051404,7.772945246,40.354335,-83.812515
NA,NA,NA,14500,1.777556361,1.777556361,1.777556361,5.962581421,40.354335,-83.812515
NA,NA,NA,15500,-0.35994733,-0.35994733,-0.35994733,4.599791473,40.354335,-83.812515
NA,NA,NA,16500,-1.383611741,-1.383611741,-1.383611741,4.00000695,40.354335,-83.812515
NA,NA,NA,17500,-1.73259493,-1.73259493,-1.73259493,3.79069019,40.354335,-83.812515
NA,NA,NA,3500,16.92776045,16.92776045,16.92776045,16.92776045,34.16759,-80.77616
NA,NA,NA,4500,17.28643302,17.28643302,17.28643302,17.28643302,34.16759,-80.77616
NA,NA,NA,5500,16.34486629,16.34486629,16.34486629,16.34486629,34.16759,-80.77616
NA,NA,NA,6500,17.82628233,17.82628233,17.82628233,17.82628233,34.16759,-80.77616
NA,NA,NA,7500,17.86561983,17.86561983,17.86561983,17.86561983,34.16759,-80.77616
NA,NA,NA,8500,15.88435255,15.88435255,15.88435255,15.88435255,34.16759,-80.77616
NA,NA,NA,9500,17.79870423,17.79870423,17.79870423,17.79870423,34.16759,-80.77616
NA,NA,NA,10500,18.81670612,18.81670612,18.81670612,18.81670612,34.16759,-80.77616
NA,NA,NA,11500,20.11159939,20.11159939,20.11159939,20.11159939,34.16759,-80.77616
NA,NA,NA,12500,20.06613004,20.06613004,20.06613004,20.06613004,34.16759,-80.77616
NA,NA,NA,13500,18.87497142,18.87497142,18.87497142,18.87497142,34.16759,-80.77616
NA,NA,NA,14500,15.07166234,15.07166234,15.07166234,15.07166234,34.16759,-80.77616
NA,NA,NA,15500,15.96189949,15.96189949,15.96189949,15.96189949,34.16759,-80.77616
NA,NA,NA,16500,17.40529698,17.40529698,17.40529698,17.40529698,34.16759,-80.77616
NA,NA,NA,17500,16.49696613,16.49696613,16.49696613,16.49696613,34.16759,-80.77616
NA,NA,NA,18500,15.67210118,15.67210118,15.67210118,15.67210118,34.16759,-80.77616
NA,NA,NA,19500,13.17551718,13.17551718,13.17551718,13.17551718,34.16759,-80.77616
NA,NA,NA,500,15.42948654,15.42948654,15.42948654,15.42948654,36.799197,-91.090036
NA,NA,NA,1500,15.38800211,15.38800211,15.38800211,15.38800211,36.799197,-91.090036
NA,NA,NA,4500,16.67706742,16.67706742,16.67706742,16.67706742,36.799197,-91.090036
NA,NA,NA,8500,14.09091554,14.09091554,14.09091554,14.09091554,36.799197,-91.090036
NA,NA,NA,9500,14.6653398,14.6653398,14.6653398,14.6653398,36.799197,-91.090036
NA,NA,NA,10500,15.20062418,15.20062418,15.20062418,15.20062418,36.799197,-91.090036
NA,NA,NA,11500,14.4925569,14.4925569,14.4925569,14.4925569,36.799197,-91.090036
NA,NA,NA,12500,12.00699895,12.00699895,12.00699895,12.00699895,36.799197,-91.090036
NA,NA,NA,13500,10.71512568,10.71512568,10.71512568,10.71512568,36.799197,-91.090036
NA,NA,NA,14500,9.853507447,9.853507447,9.853507447,9.853507447,36.799197,-91.090036
NA,NA,NA,15500,8.211709691,8.211709691,8.211709691,8.211709691,36.799197,-91.090036
NA,NA,NA,16500,7.59243334,7.59243334,7.59243334,7.59243334,36.799197,-91.090036
NA,NA,NA,17500,8.664815306,8.664815306,8.664815306,8.664815306,36.799197,-91.090036
NA,NA,NA,18500,7.104691451,7.104691451,7.104691451,7.104691451,36.799197,-91.090036
NA,NA,NA,19500,7.226457841,7.226457841,7.226457841,7.226457841,36.799197,-91.090036
NA,NA,NA,8500,18.29762062,18.29762062,18.29762062,18.29762062,29.839209,-81.958343
NA,NA,NA,9500,18.12305622,18.12305622,18.12305622,18.12305622,29.839209,-81.958343
NA,NA,NA,10500,18.50070117,18.50070117,18.50070117,18.50070117,29.839209,-81.958343
NA,NA,NA,11500,17.22619661,17.22619661,17.22619661,17.22619661,29.839209,-81.958343
NA,NA,NA,12500,15.75215337,15.75215337,15.75215337,15.75215337,29.839209,-81.958343
NA,NA,NA,13500,16.50299686,16.50299686,16.50299686,16.50299686,29.839209,-81.958343
NA,NA,NA,14500,16.84447671,16.84447671,16.84447671,16.84447671,29.839209,-81.958343
NA,NA,NA,15500,16.3130677,16.3130677,16.3130677,16.3130677,29.839209,-81.958343
NA,NA,NA,16500,14.73377892,14.73377892,14.73377892,14.73377892,29.839209,-81.958343
NA,NA,NA,17500,11.83818673,11.83818673,11.83818673,11.83818673,29.839209,-81.958343
NA,NA,NA,18500,14.41923432,14.41923432,14.41923432,14.41923432,29.839209,-81.958343