paleo_tave_deviance,paleo_pr_deviance,paleo_pr2_deviance,modern_tave_deviance,modern_pr_deviance,coef_paleo_tave,coef_paleo_pr,coef_paleo_pr2,coef_modern_tave,coef_modern_pr,AIC_fit_null,AIC_fit_50,AIC_fit_100,AIC_fit_200,AIC_fit_400,AIC_fit_600,AIC_fit_800,AIC_fit_1000,logLik_fit_50,logLik_fit_100,logLik_fit_200,logLik_fit_400,logLik_fit_600,logLik_fit_800,logLik_fit_1000,pseudo_r2full_fit_null,pseudo_r2full_fit_50,pseudo_r2full_fit_100,pseudo_r2full_fit_200,pseudo_r2full_fit_400,pseudo_r2full_fit_600,pseudo_r2full_fit_800,pseudo_r2full_fit_1000,pseudo_r2env_fit_50,pseudo_r2env_fit_100,pseudo_r2env_fit_200,pseudo_r2env_fit_400,pseudo_r2env_fit_600,pseudo_r2env_fit_800,pseudo_r2env_fit_1000,moran_fit_null,moran_fit_50,moran_fit_100,moran_fit_200,moran_fit_400,moran_fit_600,moran_fit_800,moran_fit_1000,modern_tave_sig,modern_pr_sig,paleo_tave_sig,paleo_pr_sig,paleo_pr2_sig,climate_simulation,species
0.004367417263993758,0.9776374349712753,0.08748453713792124,6.336654550828667,0.44635464258557195,-0.15840136463531457,13.815613632489478,-7.601467287733527,1.0879199510077744,1.3157955207301746,6358.509129681735,6200.097288182906,6348.667089179802,6839.095969879248,7185.490289948846,7414.198703587642,7567.36536413923,7585.439319333134,-3092.04864409145,-3166.3335445899,-3411.54798493962,-3584.74514497442,-3699.09935179382,-3775.68268206962,-3784.71965966657,0.9156618709170049,0.9264374443334442,0.9170093033729144,0.8764304812120417,0.8363110265718305,0.8029203286981574,0.7768304809148087,0.7735323574724016,0.01077557341643931,0.001347432455909514,0.039231389704963204,0.07935084434517437,0.11274154221884747,0.13883139000219624,0.14212951344460334,0.6225236984009446,0.016590889002854475,0.1122254855934643,0.36068506604907563,0.5021087885825151,0.5629629150281662,0.6002993597013409,0.5643532939569027,TRUE,TRUE,FALSE,TRUE,FALSE,CCSM-MARUM,amph
0.04468851689980302,0.2549922080023762,0.06653587746755826,7.204050463095379,0.45382294117232647,0.4003819587619173,24.02111528265637,-21.375812531750768,1.074224218766838,1.3558870756136443,6343.992041658047,6209.435015231537,6351.003627610746,6839.485368672054,7128.07989811053,7341.945277823401,7559.921540006988,7654.318032443405,-3096.71750761577,-3167.50181380537,-3411.74268433603,-3556.03994905526,-3662.9726389117,-3771.96077000349,-3819.1590162217,0.9166498245335652,0.9258777716057163,0.9168517587719326,0.8763914183658115,0.8437638289104065,0.814146113479483,0.7781748202818926,0.7605103687784045,0.009227947072151022,2.019342383673406e-4,0.04025840616775378,0.07288599562315878,0.10250371105408229,0.1384750042516727,0.15613945575516075,0.595135405840431,0.013635516029011231,0.11153044175458707,0.35794231115337066,0.4802194452831082,0.5400314161990089,0.582507912181559,0.5735163752658665,TRUE,TRUE,FALSE,FALSE,FALSE,CCSM-NCAR,amph
0.28654328649262545,0.912890942515677,0.007500905913236952,4.172072782839772,0.19634918521913283,-1.6531565790703127,17.96441483696466,-1.6457875091003389,0.8588665487451116,0.9314860388105652,6365.418621618638,6185.919389487832,6341.703937123392,6824.547664796412,7121.130148682309,7365.2338919362755,7568.213872711058,7443.167918325551,-3084.95969474392,-3162.8519685617,-3404.27383239821,-3552.56507434115,-3674.61694596814,-3776.10693635553,-3713.58395916278,0.9151875439931527,0.9272791522819823,0.9174770362125797,0.8778810934814328,0.8446426807525045,0.810599484115424,0.7766767256601395,0.7982312897080908,0.012091608288829603,0.0022894922194269807,0.03730645051171988,0.07054486324064824,0.10458805987772868,0.13851081833301326,0.11695625428506196,0.6050302834017887,0.014504846605178525,0.11533405520493216,0.3570400425764831,0.48400122263128925,0.5543391520438369,0.5989734047841649,0.5202941486159949,TRUE,FALSE,TRUE,TRUE,FALSE,CM2Mc,amph
0.8349152990891145,1.186065557197941,0.22521198988278576,3.2231425398538334,5.179350065578693e-4,-5.156149591882586,55.888663137396065,-38.562430495893786,0.764529613298455,-0.05154104796893653,6404.75036654044,6172.918239712097,6342.580807916514,6836.214412346804,7170.084284530589,7392.294877276852,7523.071537069525,7480.928441265747,-3078.45911985605,-3163.29040395826,-3410.1072061734,-3577.04214226529,-3688.14743863843,-3753.53576853476,-3732.46422063287,0.9124362117343922,0.928042531746022,0.91741827993459,0.8767191635076463,0.8383451916494858,0.8063932596613208,0.7847115243000122,0.7919513767622632,0.01560632001162987,0.0049820682001978644,0.03571704822674582,0.07409102008490631,0.10604295207307135,0.12772468743437992,0.12048483497212892,0.5952672241257705,0.01845738153474955,0.11556988552422813,0.35968277980132124,0.4960131884933374,0.5587406146300681,0.5887556909801177,0.5652457354605149,TRUE,FALSE,TRUE,TRUE,FALSE,COSMOS-S,amph
0.03682966144107652,0.8626582685161593,0.00097461141864558815,4.8926480614688455,0.037872812800071404,-0.7406164370230538,24.67413113841693,-1.3484880195050248,0.8753768321317813,0.417974019585826,6411.815731695689,6176.941507337329,6346.7889369276745,6835.184150452582,7159.569875055058,7331.752950677571,7451.312870927875,7433.638643548093,-3080.47075366866,-3165.39446846384,-3409.59207522629,-3571.78493752753,-3657.87647533879,-3717.65643546394,-3708.81932177405,0.9119326017244067,0.9278071604996951,0.9171357241642009,0.8768222142025531,0.8397189517451171,0.8156773387059353,0.7968929447775548,0.7997859104296691,0.015874558775288428,0.00520312243979415,0.03511038752185358,0.07221364997928958,0.09625526301847143,0.11503965694685192,0.11214669129473764,0.5972325685476724,0.020529881393713645,0.11501352453024004,0.3580759333262244,0.49441073054319745,0.5503318370036382,0.5834539504489485,0.5473080876429097,TRUE,FALSE,FALSE,TRUE,FALSE,COSMOS-W,amph
0.036421934309384424,0.02181766262674233,0.010795073748311521,7.017270659026348,0.2934358195632959,0.7711636979851559,7.948305587885661,-10.477565932936933,1.096645362184666,1.096870338140182,6311.329869678861,6216.07217905094,6350.207316381175,6841.167402158361,7187.516182660961,7495.834628496478,7753.228398409821,7889.2898260946395,-3100.03608952547,-3167.10365819059,-3412.58370107918,-3585.75809133048,-3739.91731424824,-3868.61419920491,-3936.64491304732,0.9188305283851238,0.9254773747475843,0.9169054848146104,0.8762225419298572,0.8360416360672323,0.7894188697157961,0.7404901886827535,0.7101875525119242,0.00664684636246049,0.001925043570513374,0.042607986455266644,0.08278889231789155,0.1294116586693277,0.1783403397023703,0.20864297587319958,0.6553271152954516,0.007779593414671073,0.11145199976679405,0.3595244550557158,0.5018835646632026,0.5813843252963693,0.6285476751918083,0.6457227529451507,TRUE,TRUE,FALSE,FALSE,FALSE,HadCM3,amph
1.9224259877628527,0.11624009369921125,0.23837158204120895,2.2616768126585445,0.15997943191513503,10.85462447774909,-4.427160768909416,-11.130063874041825,0.8352695470323166,0.8347071705453122,6342.377639314087,6189.970784837362,6341.652932958805,6839.523064996598,7164.058604621514,7381.197668834752,7533.673940551213,7609.315748239183,-3086.98539241868,-3162.8264664794,-3411.7615324983,-3574.02930231076,-3682.59883441738,-3758.83697027561,-3796.65787411959,0.9167589743659741,0.9270396183032957,0.9174804525500009,0.8763876361738498,0.8391339107318414,0.808129336842304,0.7828507895056309,0.7691005592327788,0.010280643937321643,7.214781840267914e-4,0.04037133819212424,0.07762506363413268,0.10862963752367005,0.13390818486034317,0.14765841513319533,0.6114421183440486,0.012178146166554512,0.11480448421863054,0.362487417388986,0.48700930795616837,0.5437204937490958,0.5763500823277475,0.5892962290640016,TRUE,FALSE,TRUE,FALSE,FALSE,IPSL,amph
0.007600265699271512,0.43915823236868357,0.0028040489253381372,7.424103127495331,0.4328850410584051,-0.2184411369945916,11.962014855772962,1.6118091466646693,1.065579444030441,1.3391596725039512,6345.194617370292,6201.118312798348,6350.863101988569,6837.935091468507,7162.183436944675,7446.74272990544,7693.631607169173,7374.525541833034,-3092.55915639917,-3167.43155099428,-3410.96754573425,-3573.09171847234,-3715.37136495272,-3838.81580358459,-3679.26277091652,0.9165684253184482,0.9263764538202808,0.9168612423693145,0.8765468624001694,0.8393785709941766,0.7976449807899407,0.7527449261137438,0.809165639715525,0.0098080285018326,2.9281705086636745e-4,0.04002156291827874,0.07718985432427161,0.11892344452850745,0.1638234992047044,0.10740278560292316,0.5972811083233258,0.013684085635094535,0.1131104663004807,0.3599558050188697,0.4906600151721357,0.5634271691275722,0.5886455396429379,0.5279129723152316,TRUE,TRUE,FALSE,TRUE,FALSE,MIROC-S,amph
0.3939355044891004,2.1567878373992895,0.2240966213312003,11.061493096115667,0.4715591772757394,-8.224800658525378,48.66846708718912,-98.77227062010523,1.2696469255975071,1.417661921518496,6368.781837361217,6189.093821057195,6346.523808582773,6835.430797556988,7138.670132821091,7345.847336712306,7527.529353603766,7592.517210779671,-3086.5469105286,-3165.26190429139,-3409.71539877849,-3561.33506641055,-3664.92366835615,-3755.76467680188,-3788.25860538984,0.9149556996090892,0.9270915345736611,0.9171535547685188,0.8767975514707445,0.8424150387380782,0.81355653353585,0.7839311225780409,0.7722275469023393,0.012135834964571934,0.002197855159429607,0.03815814813834473,0.07254066087101096,0.10139916607323918,0.1310245770310483,0.14272815270674988,0.631211420124348,0.01806099674068269,0.11313202228272955,0.36101036204421516,0.49406254775675607,0.5526943336731854,0.5933912914622423,0.5816267451608765,TRUE,TRUE,TRUE,TRUE,FALSE,MIROC-W,amph
0.0023633933436687966,0.08192659855398668,0.09665517324114255,5.153201630043551,0.28007220778092584,0.13081416048315708,-3.206613735137682,-2.2054150466040743,1.125309558632471,1.113310972868054,6305.226947941023,6215.934852829345,6349.004708222068,6839.297458619518,7193.51979398605,7489.270211939036,7740.471012099403,7855.124651246872,-3099.96742641467,-3166.50235411103,-3411.64872930976,-3588.75989699302,-3736.63510596952,-3862.2355060497,-3919.56232562344,0.9192316209209263,0.925485681030217,0.9169865573671683,0.8764102702520081,0.8352407070321667,0.7905379168350087,0.7431635530604781,0.7181140637111796,0.006254060109290749,0.0022450635537579755,0.04282135066891812,0.08399091388875957,0.12869370408591752,0.17606806786044815,0.20111755720974667,0.6121852395677324,0.005843372031838534,0.11129109217111212,0.36154563550990804,0.5017239031583125,0.5732070322475553,0.6124394739645065,0.6178708919997297,TRUE,FALSE,FALSE,FALSE,FALSE,PROXY_KRIGING,amph
1.7177521678146617,7.580871403815049e-4,3.31127352375011e-5,0.6912822987167383,0.023000927480212343,3.529966100740417,1.1808490612992664,-0.64534096383649,0.5206111485600058,-0.3396912789955138,6331.256229392243,6195.934956900885,6347.9953090121935,6836.66871534438,7176.229544843898,7524.604074392334,7805.2504662435385,7902.712441718446,-3089.96747845044,-3165.9976545061,-3410.33435767219,-3580.11477242195,-3754.30203719617,-3894.62523312177,-3943.35622085922,0.9175070195377382,0.9266855572164571,0.9170545438817381,0.8766736950164423,0.8375368372766148,0.7844435511498205,0.7292975587552817,0.7070127885392017,0.009178537678718901,4.524756560000398e-4,0.040833324521295844,0.0799701822611234,0.13306346838791772,0.18820946078245648,0.21049423099853648,0.6443574639136433,0.007714924485992394,0.11409076972292345,0.35683588138486066,0.5018900767132868,0.5846180632438472,0.6244632479795482,0.6320744481184365,TRUE,FALSE,TRUE,FALSE,FALSE,TRACE_LORENZ,amph
0.012138265792563628,0.09088153556495951,0.08592366929111471,6.429160935015194,0.4333276584275742,0.2360123598761058,5.786737706255442,-10.745508502482792,1.1061315714648108,1.3140504890975457,6330.786905357058,6210.374285269221,6344.290020884395,6830.353813803074,7180.684158086356,7428.4343411888385,7609.171882484786,7783.18906665838,-3097.18714263461,-3164.1450104422,-3407.17690690154,-3582.34207904318,-3706.21717059442,-3796.58594124239,-3883.59453332919,0.9175384388275781,0.9258212396785602,0.9173036308241489,0.8773042152567485,0.8369483465985537,0.8006298852368753,0.7691275207447748,0.7341018782008114,0.008282800850982097,2.3480800342923214e-4,0.04023422357082962,0.08059009222902447,0.11690855359070285,0.14841091808280338,0.18343656062676672,0.6560936803281898,0.01280133171244767,0.10833363833951919,0.35936636608807926,0.5023184603642374,0.5689040821905377,0.6146634617099052,0.6024298584161248,TRUE,TRUE,FALSE,FALSE,FALSE,TRACE_MWF,amph
1.4616121730475018,0.12823910055975854,0.1802261334866791,0.8168054602298546,0.04754714555679406,3.1404442825307526,22.382014222714947,104.04987796177461,0.5634256505825609,-0.5022242282875592,6328.729921949975,6197.519881558084,6345.75746309167,6830.3918302472075,7164.563015605904,7512.3198683866885,7808.780165487076,7928.197345894611,-3090.75994077904,-3164.87873154583,-3407.1959151236,-3574.28150780295,-3748.15993419334,-3896.39008274354,-3956.09867294731,0.9176760042000119,0.9265911800716579,0.9172050720231476,0.877300429112744,0.8390680347289203,0.7865821731932946,0.7285208799656465,0.7008889945980475,0.00891517587164592,4.7093217686433597e-4,0.04037557508726797,0.07860796947109161,0.13109383100671734,0.18915512423436542,0.2167870096019644,0.6437439169934833,0.006820536098591653,0.1119898611161389,0.35653222739404317,0.49977900178787293,0.5856951639525462,0.630473534656078,0.6379028652788065,TRUE,FALSE,TRUE,FALSE,FALSE,TRACE,amph
0.9036273603323024,0.01971456321199586,0.14893906527528328,0.4819778002037577,0.17792763571269032,4.435396070578646,3.400034550026102,-14.39901144628536,0.4749960579387562,1.1278110132377714,7112.034991034432,7295.522243381671,7082.072733346717,7109.076454069062,7543.007624124724,7937.676943342187,8251.674979118901,8491.450840419871,-3639.76112169084,-3533.03636667336,-3546.53822703453,-3763.50381206236,-3960.83847167109,-4117.83748955945,-4237.72542020994,0.8938005096095213,0.8777415941903355,0.8971900217767143,0.8949116928449837,0.8505416324632773,0.7941049960225115,0.7343353271980075,0.6772564164407302,0.016058915419185804,0.003389512167192965,0.001111183235462443,0.04325887714624399,0.09969551358700979,0.15946518241151375,0.21654409316879109,0.6755587074281216,-0.002251191025392199,-0.004953258123141565,0.13483931584454267,0.377518165584791,0.5143049158694167,0.5959170695687308,0.6508896874709957,TRUE,FALSE,TRUE,FALSE,FALSE,CCSM-MARUM,bird
0.5985315611343429,0.13865861874049396,0.08003769883852857,0.6618415595595948,0.2532315745828087,3.7513604315058626,23.222452051866195,-29.495222859988456,0.5597461186619656,1.364020457802786,7102.404583334849,7318.870264955904,7088.545239255314,7108.829569576333,7530.442767421201,7946.758385678685,8318.416930248306,8626.091413979804,-3651.43513247795,-3536.27261962766,-3546.41478478817,-3757.2213837106,-3965.37919283934,-4151.20846512415,-4305.0457069899,0.8946274231203494,0.8754025424333308,0.8966484720617853,0.8949327497232374,0.8520581740319887,0.7925816745238727,0.719546328707717,0.6399854926481626,0.019224880687018553,0.0020210489414359545,3.0532660288806746e-4,0.04256924908836068,0.10204574859647664,0.17508109441263242,0.25464193047218675,0.7156405561002727,-0.012119529867309202,-0.007980890517509403,0.1343412431039864,0.371686765267743,0.5188856115332509,0.6138299424591109,0.6786050705211591,TRUE,FALSE,TRUE,FALSE,FALSE,CCSM-NCAR,bird
0.036195860828145555,0.08007076047649886,0.038901815593699283,0.6920277590434137,0.2815862954302183,1.0579366979476184,8.53273763119413,-5.577791743259226,0.6051547738023415,1.4714540371103884,7100.408912737603,7322.5409742670045,7093.035234647169,7107.069855536061,7523.921222050531,7929.976570205338,8300.543662372358,8626.029672752557,-3653.2704871335,-3538.51761732358,-3545.53492776803,-3753.96061102527,-3956.98828510267,-4142.27183118618,-4305.01483637628,0.8947979740341219,0.8750307542255381,0.8962711226151513,0.8950827142822502,0.8528392294209952,0.7953878887464365,0.7235856456036635,0.640003534190819,0.019767219808583758,0.0014731485810294265,2.8474024812830123e-4,0.04195874461312665,0.09941008528768536,0.17121232843045842,0.25479443984330286,0.7219121097119939,-0.012336723765614873,-0.007992808114126927,0.133897230112171,0.37147378212892435,0.5171710878390026,0.6126525291564751,0.6813410083260846,TRUE,FALSE,FALSE,FALSE,FALSE,CM2Mc,bird
0.058160843698823614,0.5124795767387227,0.25834044821230745,0.6199470166712789,0.20778168095489602,2.684363246998985,55.035485142072865,-61.48355700268816,0.5759286713531364,1.2847707456352704,7103.179513271856,7315.224285858678,7090.477103118729,7097.294575747375,7468.056387057679,7839.098234629966,8189.6513723591115,8460.34273684779,-3649.61214292934,-3537.23855155936,-3540.64728787369,-3726.02819352884,-3911.54911731498,-4086.82568617956,-4222.17136842389,0.8945611227544892,0.8757707309001075,0.8964862823659125,0.8959118845562194,0.8593631785655508,0.8099378424270333,0.7473788215361556,0.6853036942851907,0.018790391854381694,0.001925159611423366,0.0013507618017302159,0.0351979441889384,0.08462328032745592,0.14718230121833353,0.2092574284692985,0.6792078737012659,-0.008003762539528574,-0.00911949552432431,0.13071815937839934,0.3459094213000119,0.4869067266279194,0.5815451400812907,0.6430793209696865,TRUE,FALSE,FALSE,TRUE,FALSE,COSMOS-S,bird
0.30990260714539136,0.47340627792694717,0.21278967176980093,0.7921650788262289,0.22703109059060145,4.965747332914168,30.009934396694625,-30.96466382840272,0.621624112601127,1.3183314344075854,7106.97116604202,7303.613332885092,7090.314501965966,7103.639542929484,7472.997596094267,7807.762085178891,8129.645052289051,8391.766950858111,-3643.80666644255,-3537.15725098298,-3543.81977146474,-3728.49879804713,-3895.88104258945,-4056.82252614453,-4187.88347542906,0.8942361199591823,0.8769360267423287,0.8964999433554769,0.8953744338528643,0.8587979907773581,0.8147111465257644,0.7593882545518145,0.7023417843359102,0.01730009321685355,0.0022638233962946064,0.0011383138936820192,0.03543812918182421,0.07952497343341791,0.13484786540736782,0.19189433562327207,0.6606510093823075,-0.0034723829633859253,-0.007167955256648141,0.13252062592624483,0.34409273915785066,0.4752548523979746,0.5672517632217878,0.6284435927933775,TRUE,FALSE,TRUE,TRUE,FALSE,COSMOS-W,bird
0.032286872999224586,0.699262985803184,0.3461209860832376,0.9071503633135429,0.27330763040927847,1.1607084554591132,52.9241404349666,-65.25025947281974,0.6244718073164499,1.4038434990681845,7107.587161741667,7301.486825836855,7087.419405100678,7097.430571927994,7469.510991275529,7813.483853022097,8099.525106336781,8357.376117729313,-3642.74341291843,-3535.70970255034,-3540.715285964,-3726.75549563776,-3898.74192651105,-4041.76255316839,-4170.68805886466,0.8941832251658316,0.8771482594407343,0.8967428742788089,0.8959003939982083,0.8591970326823396,0.813848609584592,0.7651994074483224,0.7105359054175311,0.01703496572509733,0.002559649112977347,0.0017171688323767142,0.034986192483491996,0.08033461558123955,0.12898381771750922,0.1836473197483005,0.6825402821605966,-0.001147565140637771,-0.007244179577667886,0.1303393325693747,0.34955318055916235,0.4786745771563877,0.5637251264506834,0.6286123055125057,TRUE,FALSE,FALSE,TRUE,TRUE,HadCM3,bird
1.6452565852010774,0.4215230301048412,0.017572691346756177,0.9758580917821302,0.3059485086594486,15.688493401530263,11.713716724987346,-3.9570506151518354,0.7403550332112047,1.5289711550156382,7140.786614006009,7264.21985662832,7080.3072856607405,7104.504932633228,7462.519293828405,7772.233503006536,8007.766899652374,8165.597547471171,-3624.10992831416,-3532.15364283037,-3544.25246631661,-3723.2596469142,-3878.11675150327,-3995.88344982619,-4074.79877373559,0.8912929481420179,0.8808087788659517,0.8973372422735238,0.8953009162435631,0.8599938375550525,0.8199782201642066,0.7820517721347809,0.7522632130028408,0.010484169276066213,0.006044294131505978,0.004007968101545245,0.03129911058696533,0.07131472797781124,0.10924117600723693,0.13902973513917705,0.5968782550528937,0.01536552975432618,0.0025716155755042837,0.13217924525194033,0.3362248587804567,0.45157147874637427,0.5209757838533613,0.5683738925850307,TRUE,TRUE,TRUE,TRUE,FALSE,IPSL,bird
0.170247310551761,0.11773666627495565,0.11846252717681942,0.7784868125993768,0.2668413501630202,1.773349403235151,12.187759058938028,-17.81428472164729,0.6193945815427163,1.4175847338779366,7098.648771032455,7321.7445466220925,7093.788379638484,7106.547021638129,7530.346663985282,7936.748172070325,8309.463439043677,8608.492784960963,-3652.87227331105,-3538.89418981924,-3545.27351081906,-3757.17333199264,-3960.37408603516,-4146.73171952184,-4296.24639248048,0.8949481674278444,0.8751115146141182,0.8962076917967057,0.8951272294410264,0.8520697139372421,0.7942601561698469,0.7215771218272446,0.6450916002306852,0.019836652813726263,0.0012595243688612312,1.7906201318196313e-4,0.042878453490602375,0.10068801125799753,0.1733710456005998,0.2498565671971592,0.6905943760282576,-0.013257905960893188,-0.009618111137379912,0.1332965413321104,0.3682735306406906,0.5073697712799753,0.5969910169017772,0.6555396875820132,TRUE,FALSE,FALSE,FALSE,FALSE,MIROC-S,bird
0.04820871872509941,0.019004031669308155,0.0019099331312247183,0.7470797205631879,0.27212600063018966,5.328977547627048,7.869381760971987,-13.148775841747964,0.6381349684671576,1.4583887603762575,7095.951041954124,7340.779541781181,7095.470765187059,7108.302073061702,7534.868591351678,7943.713648394616,8296.521411799065,8559.612812985364,-3662.38977089059,-3539.73538259353,-3546.15103653085,-3759.43429567584,-3963.85682419731,-4140.26070589953,-4271.80640649268,0.8951779493480254,0.873166943585858,0.8960658590362238,0.8949777259773508,0.8515257536035803,0.7930936506371498,0.7244866154463989,0.658897020134459,0.022011005762167413,8.879096881984072e-4,2.002233706746015e-4,0.04365219574444512,0.10208429871087565,0.1706913339016265,0.23628092921356636,0.6635102974349414,-0.005484438873159466,-0.01166471616509411,0.13383055157560653,0.37089020431210123,0.5113313075091964,0.5984624015287192,0.6548030393925673,TRUE,FALSE,FALSE,FALSE,FALSE,MIROC-W,bird
9.69292065748336e-5,0.17983975395360163,4.739054278510552e-4,0.4706909793053928,0.1869486247216299,-0.044713613168402805,5.631388866401751,0.21874367676457318,0.5208679820175841,1.2080431716006166,7096.368466096064,7327.36043349305,7093.792160476197,7108.9183245423465,7536.288375215917,7881.850241579683,8155.685615051555,8379.688042800422,-3655.68021674652,-3538.8960802381,-3546.45916227117,-3760.14418760796,-3932.92512078984,-4069.84280752578,-4181.84402140021,0.8951424277019804,0.8745409297454163,0.8962073732719692,0.8949251802620872,0.8513545499899364,0.8032266678391666,0.754248358121559,0.7052458578275185,0.020601497956564074,0.0010649455699888177,2.1724743989315343e-4,0.043787877712043954,0.09191575986281375,0.1408940695804214,0.1898965698744619,0.6399953529713084,-0.010199140609547595,-0.010427612208445099,0.13492245878674045,0.3699044771656941,0.4793785916882231,0.5443623374054519,0.5935686785881267,TRUE,FALSE,FALSE,FALSE,FALSE,PROXY_KRIGING,bird
0.6049982806567864,0.010642866519890116,0.05187419922412671,0.07462574601285414,0.051303578376808365,3.8349234103188605,-5.373190175424898,-33.85218630474898,0.23781458056297614,0.6727920204855498,7100.493596418935,7359.625525431093,7090.217032428483,7108.060943799535,7552.84451114723,8027.922240844001,8451.70099972257,8751.889463865235,-3671.81276271555,-3537.10851621424,-3546.03047189977,-3768.42225557362,-4005.961120422,-4217.85049986129,-4367.94473193262,0.8947907425397763,0.871211854685481,0.896508131426582,0.8949982791148376,0.8493435073457711,0.7784568446935546,0.6875033753760778,0.6012825041914105,0.023578887854295294,0.0017173888868057263,2.0753657506134005e-4,0.045447235194005176,0.11633389784622172,0.20728736716369855,0.2935082383483658,0.6936923222788375,-0.013607655600410868,-0.007591718391067849,0.13300914764596375,0.3815500887264223,0.5377723412763504,0.6253849767562127,0.6754263306262426,FALSE,FALSE,TRUE,FALSE,FALSE,TRACE_LORENZ,bird
0.7220488846527603,0.08986142870936228,0.0944316492030191,0.7372152500109357,0.23941923929631476,3.339795296213284,8.993977399272888,-15.036558270375883,0.5659945482187166,1.3006848947451946,7113.9874459258735,7288.820135171283,7080.30672388924,7106.613926842379,7527.879938304843,7909.1409823550875,8231.179505442939,8470.029157006673,-3636.41006758564,-3532.15336194462,-3545.30696342119,-3755.93996915242,-3946.57049117754,-4107.58975272147,-4227.01457850334,0.8936320728370781,0.8784048769449749,0.8973372890860224,0.8951215340476347,0.8523656054730692,0.79881919251781,0.7387183488855444,0.6828196882479036,0.015227195892103196,0.0037052162489442653,0.0014894612105565974,0.04126646736400896,0.09481288031926816,0.1549137239515337,0.2108123845891745,0.6747100610165063,-0.0011959283916670727,-0.00478265258768888,0.13453411252440392,0.37454428328816985,0.5108510297603817,0.5940942494058034,0.6475244169525155,TRUE,FALSE,TRUE,FALSE,FALSE,TRACE_MWF,bird
0.6558720746219271,0.006634839290335476,0.03308141526805607,0.06709086738451263,0.0323581600972829,3.628156224182757,6.2565230619579,-51.21672140437283,0.22729203913585616,0.5301401762247605,7100.789379564532,7368.53795336966,7088.873748493607,7104.744777016846,7546.966349433469,8018.584551342845,8447.746708994826,8741.679415535828,-3676.26897668483,-3536.4368742468,-3544.37238850842,-3765.48317471673,-4001.29227567142,-4215.87335449741,-4362.83970776791,0.8947654804772648,0.8702768085765646,0.8966209100011409,0.8952805315587371,0.8500606128004267,0.7801296379707684,0.6885047727282968,0.6045731720161343,0.024488671900700143,0.0018554295238760732,5.150510814723175e-4,0.04470486767683812,0.11463584250649639,0.206260707748968,0.29019230846113053,0.6868102599201027,-0.015312641485738533,-0.008856134766346984,0.13283719988250275,0.37896432767231103,0.5340389000710901,0.6219054645191753,0.6691043226272569,FALSE,FALSE,TRUE,FALSE,FALSE,TRACE,bird
0.03593580526165254,0.6731661595544904,0.4571677070677035,0.34159733171405887,0.24410943192824447,0.3498855235813388,8.608557094341357,-13.767467329601764,-0.20791986413064267,0.871951293550018,6181.553058776854,6163.204820290002,6222.9470063520275,6429.474501583132,6937.740483680751,7275.418038400885,7448.022155068455,7514.205997050753,-3073.602410145,-3103.47350317601,-3206.73725079157,-3460.87024184038,-3629.70901920044,-3716.01107753423,-3749.10299852538,0.7227990935875082,0.729104644738721,0.715644664478071,0.6637480966492815,0.4920341868729057,0.33185643199600756,0.23137452930884028,0.18895424736223743,0.006305551151212896,0.007154429109437199,0.059050996938226685,0.23076490671460248,0.3909426615915006,0.4914245642786679,0.5338448462252707,0.617953225479427,0.0014137962106358468,0.028392718345781682,0.2257923227706972,0.46066890745220845,0.5649890243226412,0.6060965256105371,0.6129937272411665,TRUE,FALSE,FALSE,TRUE,TRUE,CCSM-MARUM,mamm
1.086038641221783,0.08071042761883358,0.01185704732315973,0.7211714806835218,0.45562355558725787,1.6612437001282727,11.025400414423954,-7.502072760258377,-0.27369670839035537,1.2206952431019276,6180.394306400607,6164.282014294726,6217.767269772126,6418.277000200242,6918.904669655069,7257.187177030082,7424.975090150712,7499.6505157531365,-3074.14100714736,-3100.88363488606,-3201.13850010012,-3451.45233482753,-3620.59358851504,-3704.48754507536,-3741.82525787657,0.7230596911535074,0.7288676849498991,0.7168376789404995,0.6667904036560586,0.49974131319818305,0.34167067797684714,0.2456195748248201,0.19847997705842868,0.005807993796391631,0.006222012213007888,0.05626928749744886,0.2233183779553244,0.3813890131766603,0.4774401163286873,0.5245797140950788,0.6147256008837817,-5.570668933067266e-4,0.024805480979286088,0.2216328637404668,0.4546259940433272,0.5579047320558019,0.5971874090215452,0.6099672089692495,TRUE,TRUE,TRUE,FALSE,FALSE,CCSM-NCAR,mamm
0.10704133550426599,0.09113154316430795,0.02929170157620558,0.4553203048469265,0.39101240295240186,0.8541212841631822,4.696116472148091,-2.6912886859561893,-0.24053753735722233,1.1874527823383227,6179.008689597514,6168.685625073201,6223.816751027996,6438.08862363769,6944.878721657578,7276.1369421980635,7456.712213359351,7546.270210583698,-3076.3428125366,-3103.908375514,-3211.04431181885,-3464.43936082879,-3630.06847109903,-3720.35610667968,-3765.13510529185,0.7233709877736787,0.7278968265466828,0.7154438496585186,0.6613887908302984,0.48908247771213353,0.3314664392053307,0.225933772328075,0.167568767397693,0.004525838773004054,0.007927138115160104,0.06198219694338025,0.23428851006154516,0.391904548568348,0.4974372154456037,0.5558022203759857,0.6325926307502815,-0.00220443661212654,0.026875802291585055,0.22537700569883973,0.45636738755592093,0.5623636647467571,0.6077388978345641,0.6246420618073586,TRUE,TRUE,FALSE,FALSE,FALSE,CM2Mc,mamm
0.321431207025962,0.37372701063702063,0.030509951667199595,0.5378044641985887,0.23197228017242574,2.740100673346374,25.22848361024547,-11.34775984947005,-0.25424760639008936,0.9737098479326876,6186.739318645243,6151.829276917733,6218.982030307388,6427.8719639393,6879.984908585522,7148.062765610779,7282.276165705497,7344.373842251821,-3067.91463845887,-3101.49101515369,-3205.93598196965,-3431.99245429276,-3566.03138280539,-3633.13808285275,-3664.18692112591,0.7216297217189149,0.7315944165058051,0.7165583412383707,0.6641851956940581,0.5152978284281078,0.3974743203692843,0.32812673137728354,0.2933936704681207,0.009964694786890216,0.00507138048054423,0.057444526024856835,0.20633189329080714,0.3241554013496306,0.3935029903416314,0.4282360512507942,0.5812792389233854,0.0028383762615316194,0.030485015821458145,0.22032399463431568,0.42843731238486715,0.5196233077297603,0.5545321990761355,0.5670526667120402,TRUE,FALSE,TRUE,TRUE,FALSE,COSMOS-S,mamm
1.3523308875134594,0.48092970705231775,0.07021112930693066,0.8171077225621745,0.30814501357070767,3.830880384248603,14.656189770666213,-9.143302853259973,-0.29122716813090493,1.0562217459022047,6185.579618447243,6152.7092660552335,6218.524815610206,6425.322917668265,6863.465637964493,7136.620016895804,7299.636142810794,7386.748545443921,-3068.35463302762,-3101.2624078051,-3204.66145883413,-3423.73281898225,-3560.3100084479,-3641.8180714054,-3685.37427272196,0.7218916325744169,0.7314026321129765,0.7166635114072173,0.6648792886584055,0.5217535792673179,0.4030446375302975,0.31859242302171575,0.2686671115073801,0.009510999538559606,0.0052281211671996175,0.0570123439160114,0.200138053307099,0.3188469950441194,0.40329920955270115,0.4532245210670368,0.5941092008247579,0.002395201622321043,0.029705094752598287,0.2208009610189851,0.4250803066014748,0.519309013502372,0.5651641728114066,0.5856799186259558,TRUE,TRUE,TRUE,TRUE,FALSE,COSMOS-W,mamm
0.7624773476783617,0.02387876919761647,0.002780782723192548,0.4251454415260188,0.4731026572859378,3.0116511002438537,6.656016570662291,-4.341298914220637,-0.20392923167225693,1.253586252893835,6179.738468274441,6164.803296837172,6222.646125703908,6433.0214186857675,6912.508615717409,7226.818341199731,7406.8933276206,7494.979642335518,-3074.40164841859,-3103.32306285195,-3208.51070934288,-3448.2543078587,-3605.40917059987,-3695.4466638103,-3739.48982116776,0.723207077255953,0.7287529394565299,0.7157141016299178,0.6627786355283977,0.5023317272902172,0.3577001399106927,0.2566105782999355,0.20151302138461513,0.005545862200576845,0.0074929756260352365,0.06042844172755535,0.22087534996573577,0.3655069373452603,0.4665964989560175,0.5216940558713379,0.6191195896069388,-6.906097064333976e-4,0.028435580724682986,0.22349504200300235,0.4421259334871609,0.5481318638365575,0.596376523184919,0.6132091743934105,TRUE,TRUE,TRUE,FALSE,FALSE,HadCM3,mamm
1.3874307435268587,0.7876290116880229,0.024759386067139982,0.1373294632600097,0.3929657640543052,7.0272668432350125,7.749243944125959,-2.544441556389046,-0.16967067724852328,1.1377271284851471,6187.14075108804,6144.45359775342,6210.14633681752,6415.319483368099,6897.789723572712,7209.494764693422,7352.6112978121355,7246.104475845539,-3064.22679887671,-3097.07316840876,-3199.65974168405,-3440.89486178636,-3596.74738234671,-3668.30564890607,-3615.05223792277,0.7215390033191763,0.7331964939166153,0.7185838643489869,0.6675893412221949,0.5082420699617411,0.36666853792142873,0.2886532964495009,0.3475662532421294,0.011657490597439035,0.002955138970189397,0.05394966209698138,0.21329693335743516,0.3548704653977476,0.4328857068696754,0.3739727500770469,0.5905147639309611,0.005243386103774085,0.03283154997647685,0.2213124448035717,0.4491593156309234,0.5486971653840298,0.5824470276707963,0.5610689358973264,FALSE,TRUE,TRUE,TRUE,FALSE,IPSL,mamm
0.22522441316722397,0.8279184601654632,0.05514395029549596,0.8141089241740715,0.5822631172746134,0.932677245593949,12.90844017710081,-5.684129364734942,-0.269304899157878,1.3804904336648947,6184.08014818852,6152.849565687513,6213.947656103654,6419.576536995255,6930.2362926858195,7227.232018391719,7340.88072161708,7370.441149358647,-3068.42478284376,-3098.97382805183,-3201.78826849763,-3457.11814634291,-3605.61600919586,-3662.44036080854,-3677.22057467932,0.7222299130561123,0.7313720426180476,0.7177142177287652,0.6664387424636402,0.49511883527847256,0.357484434215642,0.29539429164796027,0.2782836309133552,0.009142129561935275,0.00451569532734708,0.05579117059247207,0.22711107777763972,0.36474547884047026,0.426835621408152,0.4439462821427571,0.5781799980973401,9.387874467409384e-4,0.02747728036754108,0.2248275684425894,0.45856194349819246,0.5468376613782627,0.5700447338367259,0.5712723865396998,TRUE,TRUE,FALSE,TRUE,FALSE,MIROC-S,mamm
0.15782332600234014,3.5899860456054555,0.1123920442926961,0.003091989115299519,0.618463546355132,3.7463440704881545,43.13233484583781,50.74038000172706,-0.015876160010021904,1.4006160190710724,6193.02635928468,6138.721861431264,6206.789485585316,6401.939493825632,6857.705960732723,7140.885288561829,7282.633336190243,7185.337453061062,-3061.36093071563,-3095.39474279266,-3192.96974691282,-3420.85298036636,-3562.44264428091,-3633.31666809512,-3584.66872653053,0.7202055347015026,0.7344348831491587,0.7193495999721924,0.6711799148747812,0.5239841930722002,0.40097435392085434,0.3279319196160282,0.3789660723267525,0.01422934844765611,8.55934729310226e-4,0.04902561982672138,0.19622134162930238,0.31923118078064827,0.3922736150854744,0.3412394623747501,0.5792498234220982,0.008592032345771319,0.032836575371912646,0.2162908983239896,0.4457749975234535,0.5382592538587208,0.5754815950165559,0.5489509737856116,FALSE,TRUE,FALSE,TRUE,FALSE,MIROC-W,mamm
1.7195469954403582,0.01757998400707188,1.487487349300052,0.10571392884888588,0.8278330449607199,-2.4642437542973448,-1.1726174137884857,-7.052013530819064,0.12491063682809003,1.7000789482419028,6184.638221663765,6157.17933615211,6217.1872076428535,6396.745232744175,6855.754593095751,7102.2379270238935,7194.172987657379,7272.04408943674,-3070.58966807606,-3100.59360382143,-3190.37261637209,-3419.87729654788,-3543.11896351195,-3589.08649382869,-3628.02204471837,0.7221040597827557,0.7304263091757102,0.7169709687762602,0.6725633417465967,0.5247375588185617,0.41947387734976493,0.3744961940536956,0.3336837033693907,0.00832224939295445,0.005133091006495505,0.049540718036159004,0.19736650096419406,0.3026301824329908,0.3476078657290601,0.38842035641336503,0.5457409487880773,0.004094331200386092,0.02726216356516769,0.21302478097860758,0.43118978863996676,0.5091704376700409,0.5268772053843741,0.5373675755402783,FALSE,TRUE,TRUE,FALSE,TRUE,PROXY_KRIGING,mamm
1.501454839517178,0.14866455101494164,0.4367985860187662,1.2253998864775713,0.02149043488140815,2.6950885301801955,-13.107334029892781,-67.22805029662945,-0.6086828813742763,-0.2910333786254577,6183.631907055633,6163.934751181464,6222.374516248989,6427.294210796256,6948.294210690501,7271.398128905472,7355.5931805582095,7186.215088550418,-3073.96737559073,-3103.18725812449,-3205.64710539813,-3466.14710534525,-3627.69906445274,-3669.7965902791,-3585.10754427521,0.7223309563444253,0.7289440980858366,0.7157767690220093,0.6643426409642397,0.487664089465665,0.3340329738333836,0.28692949652282174,0.3785235109665732,0.006613141741411255,0.006554187322416083,0.05798831538018567,0.23466686687876037,0.38829798251104175,0.4354014598216036,0.34380744537785213,0.5782018590121693,-2.4891262417607135e-4,0.02798051850863631,0.22317556969331484,0.45730816474640995,0.5517087488640317,0.5672339525547823,0.5200180589679755,TRUE,FALSE,TRUE,FALSE,TRUE,TRACE_LORENZ,mamm
0.15201775005193352,0.2883732347303263,0.053401075256394724,0.4067487269012978,0.34922296555474125,0.620096516259266,7.252473104961784,-6.545003095642055,-0.22327426559676458,1.0563737219915432,6180.619761177597,6164.718534138374,6222.143163257791,6432.13208498164,6951.0200467346685,7294.338677234728,7471.561399233618,7512.096032404688,-3074.35926706919,-3103.0715816289,-3208.06604249082,-3467.51002336733,-3639.16933861736,-3727.78069961681,-3748.04801620234,0.7230090067144486,0.7287716008542477,0.7158301373020466,0.6630219749011292,0.48652927633369436,0.32151611097981936,0.21654756937501807,0.19034208283674248,0.005762594139799182,0.007178869412401978,0.059987031813319325,0.2364797303807542,0.4014928957346292,0.5064614373394305,0.5326669238777061,0.6227858571959163,7.646506717201175e-4,0.027649847566905705,0.22608756256863127,0.4626214888641067,0.5684422201161163,0.6127809802596915,0.600942952499822,TRUE,TRUE,FALSE,FALSE,FALSE,TRACE_MWF,mamm
0.6997958612635593,1.8359258885144195e-4,0.0961572703540641,0.5411756297471422,0.004213529505538543,1.7838345844089767,0.6735544189600393,-61.197873112491955,-0.4062099197092922,-0.13337733031586269,6180.859630684006,6174.703396536093,6226.673492446131,6436.3100210792145,6954.729035861243,7290.411255086406,7462.111186631238,7392.049869874749,-3079.35169826805,-3105.33674622307,-3210.15501053961,-3469.36451793062,-3637.2056275432,-3723.05559331562,-3688.02493493737,0.7229550715185606,0.726564472366458,0.7147832599321983,0.6618772812874769,0.48498112135372795,0.32367556702870515,0.22253415105925756,0.26551338880666364,0.003609400847897404,0.008171811586362376,0.06107779023108373,0.2379739501648327,0.3992795044898555,0.5004209204593031,0.457441682711897,0.5881893758036719,-0.0012587113348930896,0.027491271947580456,0.22714144030022906,0.4592226209524369,0.5601422358138131,0.5617224223247215,0.5594185862829378,TRUE,FALSE,TRUE,FALSE,FALSE,TRACE,mamm
2.06837749530749,0.12459412513081856,0.23240998646098535,9.428103229472933,3.4279005356623387,3.532287430324384,-5.326495999274225,11.84689058884967,1.2097614106934964,2.9748459249103143,5699.364595758342,5416.786345123237,5487.0305516111985,5979.557089103666,6530.707525491796,6896.304957200501,7092.830049763701,6823.464039516979,-2700.39317256162,-2735.5152758056,-2981.77854455183,-3257.3537627459,-3440.15247860025,-3538.41502488185,-3403.73201975849,0.9707274138918234,0.9769153220776129,0.9755608707544396,0.9635491951516921,0.9429843434578853,0.9232865487068288,0.9100193912318968,0.927690685877821,0.006187908185789515,0.00483345686261627,0.007178218740131248,0.02774307043393809,0.047440865184994574,0.060708022659926586,0.04303672801400238,0.6528344912810259,1.4799479976702524e-4,0.10129312862388294,0.36073252502180686,0.5398089800530157,0.6117665987573009,0.646294970292726,0.5881579722168697,TRUE,TRUE,TRUE,FALSE,FALSE,CCSM-MARUM,reps
1.5823867565198917,0.0408560338163136,0.07340941758400044,14.041391103981024,3.8502954282912603,2.0841012934412433,-8.611191990190193,19.428826260586522,1.3849303735300267,3.219932377697066,5712.489436427197,5432.282388507181,5481.672315690423,5970.386908854834,6503.261560006277,6884.997395280696,7099.105669416358,6858.701789621783,-2708.14119425359,-2732.83615784521,-2977.19345442742,-3243.63078000314,-3434.49869764035,-3541.55283470818,-3421.35089481089,0.9704138978205322,0.9766231302486027,0.9756669310354641,0.9638195032087905,0.944240470029418,0.9239874200267201,0.9095598744063791,0.9255926284584485,0.006209232428070477,0.005253033214931868,0.006594394611741716,0.0261734277911142,0.04642647779381215,0.060854023414153136,0.04482126936208375,0.6490859370395129,0.0014495914306900063,0.09575856921561521,0.36144658599200136,0.5385232828459023,0.6139645484970845,0.6491247471975793,0.5863160296595766,TRUE,TRUE,TRUE,FALSE,FALSE,CCSM-NCAR,reps
0.06467487998288572,0.12536860510753994,0.005540405837395282,10.353177614218616,3.1473924362267174,0.763180037825033,6.829767047208763,1.4377410648638091,1.2888867055991517,3.036389331774974,5683.263826007193,5428.307587630288,5486.608526539921,5984.3030900750455,6519.007814378791,6889.6608489464825,7104.002822137951,6992.966858031734,-2706.15379381514,-2735.30426326996,-2984.15154503752,-3251.5039071894,-3436.83042447324,-3544.00141106898,-3488.48342901587,0.9711074827263457,0.976698429495487,0.9755692410133125,0.9634085058687345,0.9435232308827064,0.9236991465724911,0.9091996629387217,0.9170252451176722,0.005590946769141292,0.0044617582869668215,0.007698976857611228,0.02758425184363933,0.04740833615385465,0.06190781978762405,0.05408223760867348,0.6576610537681096,-0.001792726557652094,0.09971520200426896,0.3617704507770828,0.5390517587356253,0.6148757694867173,0.6527764524784399,0.6263424139307268,TRUE,TRUE,FALSE,FALSE,FALSE,CM2Mc,reps
2.61169145748419e-4,0.2822576269827406,0.03982559301661699,6.421237447200273,1.34688998937308,-0.0788150976877061,27.827402000827625,-17.130758080792948,1.0863651595021993,2.039547326218718,5578.538502164282,5446.347471374372,5476.342807592715,5967.656299249686,6470.033499612453,6784.403507735674,6967.3858259465605,6979.80814287797,-2715.17373568719,-2730.17140379636,-2975.82814962484,-3227.01674980623,-3384.20175386784,-3475.69291297328,-3481.90407143898,0.9734619826358777,0.9763547198379391,0.9757719660952773,0.9638996050012388,0.9457242513850967,0.9299472892211575,0.9187303548258868,0.9179067637973997,0.0028927372020614017,0.0023099834593995894,0.009562377634638852,0.02773773125078094,0.04351469341472014,0.05473162780999086,0.05555521883847803,0.60014315045373,-0.015377836919934669,0.09879449159365214,0.3575235755220291,0.5209530034224873,0.5791893904156714,0.6020607901044726,0.5469454606108103,TRUE,TRUE,FALSE,TRUE,FALSE,COSMOS-S,reps
0.2934329047235784,0.013941048805433684,0.5257135189739712,6.948953050667203,1.7580196132168509,1.8486984274840568,-3.633615481066218,34.69421956973785,1.100949105044681,2.2801449371032176,5610.990771041879,5430.258601374795,5469.578591665129,5952.874824798333,6481.118995252591,6838.476090565648,7041.984276140596,7052.464323632716,-2707.1293006874,-2726.78929583256,-2968.43741239917,-3232.5594976263,-3411.23804528282,-3512.9921380703,-3518.23216181636,0.9727536531993293,0.9766614995439968,0.9759046240326203,0.9643301477569464,0.945233676197261,0.9268041991949212,0.9136573856967998,0.9129197766809671,0.003907846344667565,0.003150970833291078,0.008423505442382906,0.02751997700206832,0.045949454004408086,0.0590962675025295,0.05983387651836214,0.6216729535643237,-0.009071547321069252,0.09661589294888095,0.35627136645777996,0.5322128106549684,0.5969800110908693,0.6251041563636464,0.5766537428867605,TRUE,TRUE,TRUE,FALSE,TRUE,COSMOS-W,reps
1.3226112847050266,0.1316106582120171,0.044667426699052055,11.680404248305054,2.8649890571654733,3.842636250034134,-16.89875865698934,17.981447406847803,1.2967781999138526,2.732587729049056,5635.298087210809,5438.65622139191,5488.785498643938,5986.143209641228,6532.0476084797665,6904.702553110389,7100.084509934748,6901.670977523665,-2711.32811069595,-2736.39274932197,-2985.07160482061,-3258.02380423988,-3444.35127655519,-3542.04225496737,-3442.83548876183,0.9722107455837539,0.9765018750878677,0.9755260331414709,0.9633538118479967,0.942922292093574,0.9227618659967879,0.909487989961197,0.9229516917985494,0.004291129504113811,0.0033152875577170393,0.008856933735757133,0.029288453490179833,0.04944887958696598,0.06272275562255691,0.049259053785204454,0.6402410257735444,-0.0049938394048692795,0.10084469461146221,0.3614886224877067,0.5378720760228056,0.6093973260651832,0.6399180342408369,0.5721952849088252,TRUE,TRUE,TRUE,FALSE,FALSE,HadCM3,reps
2.9685274006095006,1.974870861086686,3.6686049488841616e-4,4.4846758965808,1.0725608655688823,11.625673199020344,-16.045063301486554,0.3834138233410574,0.9993943784087089,1.825319147284039,5902.473974925938,5380.483846721653,5469.868345255582,5957.11007995774,6425.796892786347,6741.574618849894,6890.843442609135,6649.458878654566,-2682.24192336083,-2726.93417262779,-2970.55503997887,-3204.89844639317,-3362.78730942495,-3437.42172130457,-3316.72943932728,0.9654808942914174,0.977585618358488,0.9758989563842613,0.9642073142404233,0.9476385218084322,0.9323407376292708,0.9236258704144175,0.937215075328527,0.012104724067070638,0.010418062092843905,0.0012735800509940942,0.017842372482985147,0.033140156662146536,0.04185502387699991,0.028265818962890377,0.5937571904800159,0.012718349689426575,0.09684752761924573,0.35665988014703226,0.5081657056671107,0.5740592848274224,0.5886751485242685,0.5262802989027769,TRUE,TRUE,TRUE,TRUE,FALSE,IPSL,reps
0.01056365121114519,0.7190086983942546,0.5653072890557294,10.013965649520404,2.978378287188151,0.23910252401972187,14.517005050475827,-20.51581682171283,1.2284306311308444,2.840548197344231,5617.618366841598,5431.904917843008,5479.232303703363,5979.254821875838,6525.291297375812,6902.202226208017,7120.625577131499,6991.327029968012,-2707.9524589215,-2731.61615185168,-2981.62741093792,-3254.64564868791,-3443.10111310401,-3552.31278856575,-3487.66351498401,0.972606685375774,0.9766302915561438,0.9757150756976318,0.9635581371421491,0.9432344505902653,0.9229184607606421,0.9079662374776681,0.9171356134772463,0.0040236061803697876,0.0031083903218578346,0.009048548233624887,0.029372234785508655,0.04968822461513189,0.06464044789810586,0.055471071898527735,0.6455258340836912,-0.008712411378365282,0.09715580097705612,0.3616866769158737,0.5399625749109779,0.6110249146282231,0.6426131472216988,0.5922871210309391,TRUE,TRUE,FALSE,TRUE,TRUE,MIROC-S,reps
3.095361241675028e-4,0.025436494558851584,0.4323144911102563,4.584316061741686,0.8954854194996719,0.2744095618940064,-7.118422947436673,-149.60855847950532,0.9216741530674312,1.580465168034324,5503.406603669906,5451.471088211112,5462.814766553632,5932.840944817446,6395.177785657714,6654.912964778712,6772.735245286315,6869.237072354279,-2717.73554410556,-2723.40738327682,-2958.42047240872,-3189.58889282886,-3319.45648238936,-3378.36762264316,-3426.61853617714,0.9750320091479151,0.9762561795604345,0.9760365480142993,0.9649054941119909,0.9489238324181694,0.9369365091858183,0.9306076259439015,0.9249536154792809,0.001224170412519432,0.0010045388663841859,0.01012651503592421,0.026108176729745747,0.038095499962096824,0.04442438320401365,0.0500783936686342,0.5901249590460901,-0.03815807202061512,0.09439890438438311,0.3516402023438318,0.5157884320207305,0.571206205055643,0.5851744353903857,0.5957758886313077,TRUE,TRUE,FALSE,FALSE,TRUE,MIROC-W,reps
2.1040741640705884,0.014058811256129422,0.2432412578606238,8.121501100652521,2.70621166414799,3.3402334277702574,1.0897093967525393,2.87852511633349,1.1687216668332163,2.780889871932071,5730.754832228156,5402.966927551231,5482.311103958788,5980.248433173146,6509.458173227032,6865.184977123239,7055.152978131973,6874.922173003422,-2693.48346377562,-2733.15555197939,-2982.12421658657,-3246.72908661352,-3424.59248856162,-3519.57648906599,-3429.46108650171,0.9699719922324805,0.977172817418237,0.9756543111415034,0.9635287348272927,0.9439593088004877,0.9252000404422913,0.9127295296879347,0.9246065114604765,0.0072008251857564876,0.005682318909022821,0.006443257405187808,0.02601268343199281,0.044771951790189224,0.05724246254454579,0.045365480772004085,0.6294091886265728,0.002259511551136582,0.10373400793474676,0.36014564134472926,0.5296967380083167,0.5972557407939696,0.629156049336821,0.5571526964515751,TRUE,TRUE,TRUE,FALSE,TRUE,PROXY_KRIGING,reps
3.205570986602388,0.008339734195545854,0.14614757630107975,2.6927879750739443,0.3927195783694286,4.105319182677832,-3.3023311359826777,41.88190691574521,0.8486238794010691,1.1561736083035277,5821.269944785421,5384.532212254481,5473.215613840018,5967.378837717728,6515.810189153417,6903.459863598784,7115.023622085771,7038.954369678285,-2684.26610612724,-2728.60780692001,-2975.68941885886,-3249.90509457671,-3443.72993179939,-3549.51181104289,-3511.47718483914,0.9676827676490487,0.9775118433077755,0.9758333862894453,0.9639077343381456,0.943669624863053,0.922839735012521,0.9083837688235558,0.9138694706112694,0.009829075658726816,0.008150618640396567,0.0037750333109031198,0.024013142785995756,0.04484303263652767,0.05929899882549294,0.05381329703777926,0.6513593181078126,0.010255198890620158,0.10986753011478183,0.35766834508126966,0.541184294343399,0.6181244359090349,0.6517888129527005,0.6067604942245977,TRUE,TRUE,TRUE,FALSE,FALSE,TRACE_LORENZ,reps
2.2873839013554966,0.35597780325737344,0.03577882885949514,11.806272955107884,3.8460714830443257,3.028739793768368,-11.174379014776072,6.20212149149883,1.3128970956941823,3.196946006164921,5739.291695419909,5417.133174342022,5484.6733465431025,5978.556203954307,6512.5457091356075,6846.224100151823,6999.7121598138265,6852.105211091584,-2700.56658717101,-2734.33667327155,-2981.27810197715,-3248.2728545678,-3415.11205007591,-3491.85607990691,-3418.05260554579,0.969763197434357,0.9769088224283508,0.9756075858220233,0.963578796006985,0.9438186881500006,0.926342422558454,0.9165697055593034,0.9259899680357362,0.007145624993993738,0.005844388387666322,0.006184401427371977,0.025944509284356432,0.04342077487590301,0.05319349187505362,0.04377322939862083,0.6249707247118723,0.003585489034171251,0.09783348379172162,0.3622019814699226,0.5329730326844164,0.59603625000416,0.6235858299526598,0.5884516847801746,TRUE,TRUE,TRUE,TRUE,FALSE,TRACE_MWF,reps
2.498472465220952,0.0078367874567387991,0.24532607353367364,3.4834627088046695,0.398181757664034,3.482243779381139,4.7233880053628425,102.90648115904598,0.9691895981678396,1.209274786845298,5855.856273147664,5407.412673049956,5471.684127714337,5971.813820166488,6509.3338763197735,6891.885813930621,7099.41147573459,6988.007077155158,-2695.70633652498,-2727.84206385717,-2977.90691008324,-3246.66693815989,-3437.94290696531,-3541.70573786729,-3486.00353857758,0.9667626608961261,0.9770902953647369,0.9758634088862344,0.9637775744192693,0.9439649624800521,0.923561224399638,0.9095374226250199,0.9173586130817787,0.010327634468610847,0.009100747990108293,0.002985086476856802,0.02279769841607393,0.04320143649648811,0.05722523827110615,0.049404047814347374,0.6434756114556102,0.011549619435614862,0.10909064921087859,0.3595966275571,0.5409658437589998,0.6189342502521403,0.6512236823264036,0.5783953495896578,TRUE,TRUE,TRUE,FALSE,TRUE,TRACE,reps
0.3902488123622684,0.18600881803177602,0.027587767842413475,1.891596547138253,0.7772911480480066,4.167169981252204,17.135256745211116,-11.58770825571887,1.5787756311585899,4.374514191407164,8568.938009659927,8489.6225529020885,8619.3792922979,9155.666874275707,9659.811918252231,9937.610554288307,10096.409078308789,10121.156138858387,-4236.81127645104,-4301.68964614895,-4569.83343713785,-4821.90595912612,-4960.80527714415,-5040.20453915439,-5052.57806942919,0.8969225071110412,0.9041308010764978,0.8934827674626673,0.83538570326436,0.7521524643498877,0.6894640463629393,0.6467434394937671,0.6395758641749962,0.007208293965456636,0.003439739648373852,0.06153680384668114,0.14477004276115346,0.20745846074810181,0.25017906761727404,0.2573466429360449,0.6300820073740806,0.012501386890365134,0.10959813587566744,0.3780945222338457,0.541777961496088,0.5969847333359638,0.6215118989099052,0.5937519759674305,TRUE,TRUE,TRUE,FALSE,FALSE,CCSM-MARUM,tree
0.6849192351396205,0.6263557821454124,0.19185657043866924,2.7158561324991646,1.1131679311687925,3.920666209834791,94.32981944148116,-90.82206421853648,1.6547461158172831,5.293093419542353,8588.370772180644,8478.899818290798,8618.694959029464,9153.156299594055,9569.924239530024,9813.645163674044,10009.838352156139,10077.495314226164,-4231.4499091454,-4301.34747951473,-4568.57814979703,-4776.96211976501,-4898.82258183702,-4996.91917607807,-5030.74765711308,0.8952837396838539,0.904961579815476,0.8935419176613595,0.8357208133968641,0.7695916882845335,0.7191899593630287,0.6707141736534334,0.6521252462394556,0.009677840131622095,0.0017418220224943992,0.05956292628698978,0.12569205139932038,0.17609378032082523,0.22456956603042044,0.24315849344439833,0.6118402607444172,0.01570984095036157,0.11304839077370389,0.3699561162038042,0.5090932551268983,0.5703031403293165,0.6068020536822251,0.612487277967797,TRUE,TRUE,TRUE,TRUE,FALSE,CCSM-NCAR,tree
0.14936252940888145,0.06925073561282782,0.09915764583630599,1.7464697974891303,0.845625624101672,3.277910008534545,13.954523852165268,16.83255658686103,1.517930344323607,4.883624692027611,8567.105265876215,8479.622412313935,8623.278924821487,9165.528983404556,9629.422502396677,9913.096671061357,10112.579341096578,10206.474526302629,-4231.81120615697,-4303.63946241074,-4574.76449170228,-4806.71125119834,-4948.54833553068,-5048.28967054829,-5095.23726315131,0.8970757329127473,0.9049058214244334,0.8931450757794661,0.834062684325019,0.7581912685219959,0.6955819093037414,0.6420763102542966,0.6137312267554758,0.007830088511686095,0.0039306571332812235,0.06301304858772838,0.13888446439075142,0.20149382360900592,0.25499942265845077,0.2833445061572716,0.6501760550907452,0.011279933560855935,0.11602363020814041,0.3701319842162756,0.5185542180691042,0.5881128449605368,0.6281317348448144,0.6448158047014155,TRUE,TRUE,FALSE,FALSE,FALSE,CM2Mc,tree
0.25160348622581075,0.46603419486405395,0.01739350018093779,2.1351815002140806,0.5605706900524626,7.140374377235664,91.53709114029984,-28.129610911326104,1.6186092198079078,4.226958030338063,8602.510346178742,8469.027876562921,8618.608538730266,9159.592178342293,9638.401999788633,9865.044450258045,9941.667133100646,9873.852711569994,-4226.51393828146,-4301.30426936513,-4571.79608917115,-4811.20099989432,-4924.52222512902,-4962.83356655032,-4928.926355785,0.8940749957491111,0.9057200740044463,0.8935493850450098,0.8348603853770844,0.7564223943117901,0.7072266884321567,0.688439866360143,0.7051259866674172,0.011645078255335228,5.25610704101287e-4,0.05921461037202669,0.13765260143732094,0.18684830731695434,0.2056351293889681,0.18894900908169387,0.6002244279036424,0.020342930055293,0.11822455854623488,0.37101858704473734,0.5300674138075802,0.5843420581977439,0.6007836884188429,0.5754036838200307,TRUE,TRUE,FALSE,TRUE,FALSE,COSMOS-S,tree
1.1544020315467365,0.14559172188798547,0.04351471429854877,1.7875928193696797,0.6401140214789405,10.68842449289314,28.289222405899466,24.822901088380682,1.4422818050238393,4.285217458869147,8589.743895184678,8474.681794078853,8620.103393973437,9162.549172108058,9613.317563060467,9812.426637609145,9926.171154764213,9987.13649497068,-4229.34089703943,-4302.05169698672,-4573.27458605403,-4798.65878153023,-4898.21331880457,-4955.08557738211,-4985.56824748534,0.8951669633322379,0.9052864084672059,0.8934201441045729,0.8344635482840475,0.7613316677808728,0.7194675609811433,0.692334097988397,0.6767263059063708,0.010119445134967986,0.001746819227664953,0.060703415048190434,0.13383529555136509,0.1756994023510946,0.20283286534384093,0.21844065742586705,0.6028352354790125,0.017084873987430558,0.11646104017122458,0.37167671227975074,0.5200757197571498,0.570082379934894,0.5905442390818348,0.6027678440695308,TRUE,TRUE,TRUE,FALSE,FALSE,COSMOS-W,tree
0.7178950257258314,0.151456733022498,0.041171162031813514,3.176569914244867,1.129434647445625,8.544927064611443,52.20956681615546,-51.02729509012392,1.837761122254002,5.375328971206657,8569.22749109054,8483.963865503862,8622.48800400843,9163.714872957262,9661.1273822316,9960.111420032586,10143.623684076776,10211.657379109363,-4233.98193275193,-4303.24400200421,-4573.85743647863,-4822.5636911158,-4972.05571001629,-5063.81184203839,-5097.82868955468,0.8968982842814974,0.9045701272708874,0.893213652614871,0.8343068459285518,0.7518876846188567,0.68374040575678,0.6329426375165517,0.6121028248719877,0.007671842989389943,0.00368463166662647,0.06259143835294567,0.14501059966264074,0.21315787852471746,0.26395564676494576,0.2847954594095097,0.6460730330431225,0.011904150744373555,0.11209633347449187,0.37218665142382695,0.5419700958738765,0.6119527951965436,0.6417795791787658,0.646405372740315,TRUE,TRUE,TRUE,FALSE,FALSE,HadCM3,tree
2.3152702554162836,0.5079240025001206,0.1289555566069756,1.8087442650324956,0.9243422270471157,30.706503582656858,24.512552309038373,-21.40713214669362,1.8880031425690875,5.030320334975389,8575.270622058953,8455.479210591213,8604.731590711139,9111.584838618059,9637.935104308179,9928.034555101094,10095.311125372029,10145.004038638272,-4219.73960529561,-4294.36579535557,-4547.79241930903,-4810.96755215409,-4956.01727755055,-5039.65556268601,-5064.50201931914,0.8963913136941067,0.9067512177631686,0.8947416913224518,0.8411716167268765,0.7565146863057167,0.6918684011329446,0.6470581199322593,0.6325311494879071,0.010359904069061843,0.0016496223716548908,0.05521969696723028,0.13987662738839002,0.20452291256116217,0.24933319376184748,0.2638601642061996,0.6434763262346662,0.014033613050295136,0.11038570792564306,0.3805375119212426,0.5439144688300053,0.6012614216497953,0.6278386062030666,0.6482537322582613,TRUE,TRUE,TRUE,TRUE,FALSE,IPSL,tree
0.03602277171623905,1.416024505304508,0.19924475325910326,2.9374709194042072,1.2005794689506517,1.2005281747775773,54.21683558813069,-34.27538408310764,1.6985759422665803,5.565352173776802,8585.485994792434,8472.49980137669,8612.273899238406,9146.527429131826,9630.458449886057,9929.920153857189,10125.82154749725,10079.04583374585,-4228.24990068835,-4298.1369496192,-4565.26371456591,-4807.22922494303,-4956.96007692859,-5054.91077374862,-5031.52291687292,0.8955286501594839,0.9054540070565701,0.89409532305424,0.8366023564246141,0.7579878541576951,0.6913964389481339,0.6382084017161946,0.6516871568255229,0.00992535689708618,0.001433327105243909,0.058926293734869795,0.1375407960017888,0.20413221121135006,0.25732024844328927,0.243841493333961,0.6292628897829595,0.017401916813868108,0.11398730528769102,0.37511119803472803,0.5370367025986024,0.6049798912162531,0.6341764022445483,0.6105618871579103,TRUE,TRUE,FALSE,TRUE,FALSE,MIROC-S,tree
0.1073599864293913,2.314978855158239,0.07221491417274933,6.751733120712965,1.382570486651565,11.29725115026981,134.6967140924265,-146.93920279883412,2.5926960768145446,6.084234779214227,8585.719390342125,8467.465218451205,8610.647822257553,9120.840471116033,9522.256021523885,9805.490852650328,9976.510081084938,9764.74928043386,-4225.7326092256,-4297.32391112878,-4552.42023555802,-4753.12801076194,-4894.74542632516,-4980.25504054247,-4874.37464021693,0.8955088567683356,0.9058395820371502,0.8942350110093364,0.8399738951025597,0.77833632227923,0.7210424360211393,0.6795026594170939,0.7301165465687056,0.010330725268814622,0.001273845758999137,0.05553496166577587,0.11717253448910558,0.17446642074719632,0.2160061973512417,0.16539231019962997,0.6585949930711348,0.015544556696842344,0.11201093501007155,0.36558562509502535,0.5162601186532518,0.589279337250892,0.6205264614324175,0.5450344565994106,TRUE,TRUE,FALSE,TRUE,FALSE,MIROC-W,tree
0.712052294597104,0.11825422292738251,0.45311435885948337,3.51187226237222,1.1472498351490714,-5.597614540769684,9.565114324175198,-11.856374424883496,2.30244286387831,5.6259894290174355,8568.649930723062,8488.528923931231,8622.777011381735,9148.085595241868,9626.619274568193,9890.392372373832,10076.320802650176,10150.215166985652,-4236.26446196562,-4303.38850569087,-4566.04279762093,-4805.3096372841,-4937.19618618692,-5030.16040132509,-5067.10758349283,0.8969466069349901,0.9042158650474901,0.8931885993178621,0.8363955692971241,0.7587408418851973,0.7011405963118862,0.6524567301911488,0.6309735334561544,0.00726925811250001,0.0037580076171279675,0.060551037637865956,0.13820576504979276,0.19580601062310388,0.24448987674384126,0.2659730734788357,0.6191848556807963,0.012965475411235867,0.11199014254986189,0.3709230721651127,0.535645465460858,0.5979099569549201,0.6249489316695916,0.5790170671097393,TRUE,TRUE,TRUE,FALSE,TRUE,PROXY_KRIGING,tree
1.2237727515147698,0.23346408863232537,0.3470700085887067,0.33431098841757007,0.04446297767683629,7.595007733118419,-52.46777174869983,-193.39763825556713,0.9069131156377024,1.1811638303541876,8570.155638300166,8494.37857863939,8627.640468893973,9162.251334688914,9657.913790474719,10009.601571658817,10253.97174442283,10272.17167157597,-4239.18928931969,-4305.82023444699,-4573.12566734446,-4820.95689523736,-4996.80078582941,-5118.98587221141,-5128.08583578799,0.8968205816638368,0.9037599913358448,0.8927661160403981,0.8345035620750468,0.7525340260970814,0.6707774536613453,0.598548645081752,0.5925741162258702,0.006939409672008012,0.004054465623438697,0.06231701958878999,0.1442865555667554,0.2260431280024915,0.29827193658208484,0.30424646543796663,0.6692169749391672,0.010475217476453387,0.11401783707514217,0.3722403737721615,0.5424848401181357,0.6207489276595469,0.6548973486926957,0.6803408280111873,TRUE,FALSE,TRUE,FALSE,TRUE,TRACE_LORENZ,tree
1.0252978426976733,0.037226123642488146,0.013216103154834104,1.6401507652176053,0.8706666132810632,6.245480517976274,-11.081739508310278,11.66298281528604,1.5173829946308095,4.745646251190041,8551.803024193146,8489.700880297161,8604.17286010029,9126.711807382975,9626.943409057267,9962.154229090054,10166.793537186903,10069.029103924237,-4236.85044014858,-4294.08643005015,-4555.35590369149,-4805.47170452863,-4973.07711454503,-5075.39676859345,-5026.51455196212,0.8983462128573928,0.9041247057653519,0.8947894167325757,0.8392094393564589,0.7586773591725617,0.6832155730603677,0.6259741787380502,0.6545076199693223,0.005778492907959065,0.0035567961248170743,0.05913677350093394,0.13966885368483106,0.21513063979702507,0.27237203411934263,0.24383859288807053,0.6638060440311704,0.0055932695028140305,0.10574790612967147,0.3740436571753693,0.5451949069980915,0.6104612082355552,0.6440428579490154,0.5904650825201678,TRUE,TRUE,TRUE,FALSE,FALSE,TRACE_MWF,tree
0.516771206351559,0.005473048308746257,0.0010245701087283506,0.7077390989396554,0.06518415832834416,4.8495982750586295,12.13622162367319,20.241407931610336,1.3186860794910493,1.4755302345569532,8562.47248559319,8506.874193796326,8629.627308237452,9167.994457426626,9681.177284322779,10052.019142407733,10307.376988383163,10097.94533084881,-4245.43709689816,-4306.81365411873,-4575.99722871331,-4832.58864216139,-5018.00957120387,-5145.68849419158,-5040.97266542441,0.897462039825784,0.902778905797724,0.8925930410489267,0.8337302786649724,0.7478168020402771,0.6592449805319739,0.5807636760103737,0.6463026685637964,0.005316865971940032,0.004868998776857314,0.06373176116081158,0.14964523778550687,0.2382170592938101,0.3166983638154103,0.2511593712619876,0.6617998719453964,0.008171598162548477,0.11237234205885652,0.3738903068089211,0.5474720400139106,0.6271432451240518,0.6606461674547839,0.6489827357064153,TRUE,FALSE,TRUE,FALSE,FALSE,TRACE,tree
